"date","time.uhi.min","min.urb","min.rur","min.urb.q002","min.rur.q002","time.uhi.max","max.urb","max.rur","max.urb.q098","max.rur.q098","uhi.med"
2021-01-01,2021-01-01 06:00:00,-5.69972515106201,-5.99513912200928,-5.60740261077881,-5.81294447898865,2021-01-01 11:30:00,4.45097398757935,4.99791669845581,4.17173037528992,4.75237241744995,-0.1
2021-01-02,2021-01-02 00:00:00,-2.28433156013489,-2.5856192111969,-2.09840857982635,-2.43194437026978,2021-01-02 11:30:00,9.89652252197266,9.59722232818604,9.78518104553223,9.29097270965576,-0.2
2021-01-03,2021-01-03 07:00:00,1.64678812026978,1.64713537693024,1.67823494434357,1.81064440250397,2021-01-03 11:30:00,9.89286136627197,10.008768081665,9.25187540054321,9.68009757995605,-0.3
2021-01-04,2021-01-04 23:30:00,0.314829289913177,0.337500035762787,0.450898925065994,0.976388931274414,2021-01-04 12:00:00,9.11151599884033,9.19947910308838,8.75060749053955,9.11527729034424,-0.3
2021-01-05,2021-01-05 23:30:00,-0.569044172763824,-0.586805582046509,-0.411632134914398,-0.147916674613953,2021-01-05 11:30:00,10.2948207855225,10.4979162216187,10.0762150764465,10.4145832061768,-0.1
2021-01-06,2021-01-06 22:00:00,-2.79975390434265,-3.95398831367493,-2.22034151554108,-3.15531688213348,2021-01-06 12:00:00,6.69428873062134,6.68539237976074,6.37011547088623,6.489713306427,-0.2
2021-01-07,2021-01-07 19:00:00,-3.67901730537415,-3.65208315849304,-3.6430121421814,-3.30208325386047,2021-01-07 11:00:00,8.46296310424805,9.2944450378418,8.06180572509766,8.80486106872559,-0.2
2021-01-08,2021-01-08 23:30:00,-5.37953805923462,-5.36237001419067,-5.34195016860962,-5.21597063064575,2021-01-08 12:00:00,7.46422624588013,8.17899322509766,7.37879219055176,7.57246518135071,0
2021-01-09,2021-01-09 23:00:00,-5.95475959777832,-5.95515060424805,-5.87204650878906,-5.71527767181396,2021-01-09 10:00:00,7.48572254180908,7.693359375,6.88572923660278,7.23679676055908,-0.2
2021-01-10,2021-01-10 19:00:00,-6.56923866271973,-6.62248229980469,-6.04208469390869,-6.20069456100464,2021-01-10 11:00:00,4.79721260070801,4.79791688919067,4.70458130836487,4.71738144874573,-0.1
2021-01-11,2021-01-11 05:30:00,-7.98680543899536,-8.69999980926514,-7.71597242355347,-8.69999980926514,2021-01-11 12:00:00,6.29574632644653,5.29661464691162,5.91141679763794,5.08792067527771,0.1
2021-01-12,2021-01-12 07:00:00,-8.73166942596436,-8.79374980926514,-8.6331166267395,-8.73819446563721,2021-01-12 11:30:00,6.28715038299561,6.01015424728394,5.78390642166138,5.56429963111877,-0.2
2021-01-13,2021-01-13 23:00:00,-3.26900458335876,-3.73611116409302,-2.93037219047546,-3.54166674613953,2021-01-13 11:00:00,4.79991340637207,5.30000019073486,4.59375,4.79493831634522,0
2021-01-14,2021-01-14 23:00:00,-4.49559211730957,-4.44791650772095,-4.4203643321991,-4.09791660308838,2021-01-14 12:00:00,4.01210927963257,4.01377296447754,3.80606762886047,3.88018692493439,-0.1
2021-01-15,2021-01-15 23:30:00,-7.25077629089355,-7.20972204208374,-7.07463047027588,-6.82083320617676,2021-01-15 12:00:00,4.01467037200928,5.48268699645996,3.0505401134491,5.00044971466065,-0.2
2021-01-16,2021-01-16 21:00:00,-9.06560039520264,-9.05624961853027,-8.93304294586182,-8.63958263397217,2021-01-16 11:00:00,1.45337092876434,1.76644289493561,1.28947532176971,1.40299122810363,0
2021-01-17,2021-01-17 21:30:00,-11.7347221374512,-11.7395830154419,-11.4430551528931,-11.1437501907349,2021-01-17 12:30:00,1.70078599452972,1.38753378391266,1.48382329940796,1.20226078987122,-0.2
2021-01-19,2021-01-19 00:00:00,-2.32552075386047,-2.3227961063385,-2.19259446144104,-1.9111111164093,2021-01-19 11:30:00,8.74324417114258,8.59296894073486,8.60802993774414,8.48871807098389,-0.1
2021-01-20,2021-01-20 07:00:00,-4.15943670272827,-4.28805112838745,-3.561052942276,-4.02030686378479,2021-01-20 12:00:00,12.7921476364136,12.453519821167,12.2744709968567,11.9876791000366,0
2021-01-21,2021-01-21 07:00:00,-2.30096936225891,-3.74817705154419,-1.85611975193024,-3.31009556770325,2021-01-21 12:00:00,14.8106336593628,15.0805559158325,14.7281539916992,14.7751193809509,0
2021-01-22,2021-01-22 00:30:00,1.05899882316589,1.07032215595245,1.13011325120926,1.91393880844116,2021-01-22 12:00:00,15.8000583648682,16.1546878814697,15.6660751342773,15.9611737060547,-0.3
2021-01-23,2021-01-23 23:00:00,-0.782364010810852,-0.712499976158142,-0.718023748397827,-0.323611110448837,2021-01-23 09:00:00,10.1907196044922,10.3212909698486,9.66995998382568,10.0513808250427,-0.3
2021-01-24,2021-01-24 03:00:00,-8.1886157989502,-9.18680572509766,-7.90505838394165,-8.44167594909668,2021-01-24 11:00:00,10.6928615570068,11.9795713424683,10.098638343811,11.4487158203125,-0.2
2021-01-25,2021-01-25 23:30:00,-4.9676456451416,-4.95625019073486,-4.88399978637695,-4.60624980926514,2021-01-25 10:30:00,8.25575828552246,9.52207279205322,8.10975337982178,9.33610649108887,-0.3
2021-01-26,2021-01-26 01:30:00,-5.43747091293335,-5.41825819015503,-5.25925716400146,-5.07638883590698,2021-01-26 11:00:00,7.03978586196899,6.99722242355347,6.93049070358276,6.81041669845581,-0.3
2021-01-27,2021-01-27 20:00:00,-6.42958164215088,-6.46770334243774,-5.92282409667969,-5.81889991760254,2021-01-27 10:30:00,7.80000019073486,7.59665822982788,7.80000019073486,7.40000009536743,-0.2
2021-01-28,2021-01-28 02:30:00,-10.9989728927612,-12.5212383270264,-9.58636751174927,-11.3127575302124,2021-01-28 12:00:00,9.39999961853027,9.86510467529297,9.27241920471191,9.49689426422119,-0.2
2021-01-29,2021-01-29 05:30:00,-7.1399998664856,-7.17113208770752,-6.31853723526001,-6.09999990463257,2021-01-29 11:00:00,7.69785833358765,7.75225734710693,7.4537574005127,7.47680376052856,-0.2
2021-01-30,2021-01-30 23:30:00,-2.79785895347595,-2.79791665077209,-2.76453211784363,-2.66180562973022,2021-01-30 10:30:00,14.5935754776001,14.8630867004395,14.1911022186279,14.5469848632812,-0.2
2021-01-31,2021-01-31 23:00:00,-4.3998556137085,-4.39978313446045,-4.16981557846069,-4.32500028610229,2021-01-31 11:30:00,10.482232093811,10.9854164123535,10.3915354347229,10.7423610687256,-0.4
2021-02-01,2021-02-01 23:30:00,-8.69895839691162,-9.38263893127441,-8.22223587036133,-8.37572074890137,2021-02-01 12:30:00,9.36905384063721,9.69374942779541,9.19650831222534,9.1524614906311,-0.3
2021-02-02,2021-02-02 00:30:00,-8.94999980926514,-8.69914627075195,-8.69718742370605,-7.98453549385071,2021-02-02 11:30:00,11.7244644165039,12.5543975830078,11.12682762146,10.8118546104431,-0.7
2021-02-03,2021-02-03 05:00:00,-6.75554609298706,-8.31886577606201,-6.60959548950195,-6.35330628395081,2021-02-03 12:00:00,12.3000726699829,12.7965278625488,11.9631296157837,12.4753588676453,-0.5
2021-02-04,2021-02-04 21:30:00,-5.1562933921814,-4.73402786254883,-3.70032551288605,-4.11343350410461,2021-02-04 11:30:00,17.4403648376465,16.9548606872559,17.081990814209,16.5740606689453,0.4
2021-02-05,2021-02-05 06:30:00,1.18415796756744,1.13055562973022,1.28168407678604,1.39166665077209,2021-02-05 11:30:00,15.6928615570068,16.7523097991943,15.2037448692322,16.6180326080322,-0.2
2021-02-06,2021-02-06 23:30:00,0.689395248889923,0.68194442987442,0.822352409362793,1.07083332538605,2021-02-06 11:30:00,10.7999277114868,10.7970342636108,10.5853805541992,10.698427734375,-0.3
2021-02-07,2021-02-07 00:00:00,0.0459924824535847,0.121527798473835,0.24538579583168,0.512499988079071,2021-02-07 12:00:00,8.80000019073486,10.1250867843628,8.62048263549805,9.72836734771728,-0.5
2021-02-08,2021-02-08 23:30:00,-7.00711822509766,-7,-6.86189222335815,-6.80125009536743,2021-02-08 11:30:00,8.98359394073486,10.0717010498047,8.76574924468994,9.89999961853027,-0.2
2021-02-09,2021-02-09 00:00:00,-6.55125856399536,-7.09166669845581,-6.37284417152405,-6.86041641235352,2021-02-09 12:00:00,8.49981212615967,8.65520858764648,8.27528087615967,8.52972080230713,-0.3
2021-02-10,2021-02-10 23:30:00,-8.72209167480469,-8.73402786254883,-8.46992206573486,-8.31805610656738,2021-02-10 12:00:00,6.40013027191162,6.54466152191162,6.11483196258545,6.37083339691162,-0.2
2021-02-11,2021-02-11 23:30:00,-9.60000038146973,-10.0895833969116,-9.60000038146973,-9.839586353302,2021-02-11 13:00:00,-1.30285537242889,-1.09513890743256,-1.56156751155853,-1.49374997615814,-0.3
2021-02-12,2021-02-12 03:00:00,-13.6999998092651,-13.6999998092651,-13.6999998092651,-13.6999998092651,2021-02-12 12:00:00,2.58500862121582,2.34934568405151,1.96303366422653,2.00277781486511,-0.3
2021-02-13,2021-02-13 01:00:00,-12.9225206375122,-12.9243049621582,-12.8603277206421,-12.3611106872559,2021-02-13 11:30:00,5.39071989059448,5.56887054443359,5.03719754219055,5.32046404838562,-0.3
2021-02-14,2021-02-14 06:00:00,-11.6999998092651,-12.3999996185303,-11.6999998092651,-12.3999996185303,2021-02-14 12:00:00,5.39988422393799,5.39525461196899,5.24790057182312,5.34652805328369,0
2021-02-15,2021-02-15 05:30:00,-9.5,-10,-9.5,-10,2021-02-15 12:00:00,6.80737829208374,6.90000009536743,6.72384629249573,6.90000009536743,-1.6
2021-02-16,2021-02-16 00:00:00,-8.52175903320312,-8.69027805328369,-8.42121915817261,-8.30138874053955,2021-02-16 11:00:00,4.18361282348633,5.74344635009766,3.6207771396637,5.50213287353516,-0.4
2021-02-17,2021-02-17 05:00:00,-4.87197637557983,-4.80416679382324,-4.7552951335907,-4.31805562973022,2021-02-17 12:00:00,15.7770738601685,16.8909721374512,14.8782489776611,16.7168384933472,-0.3
2021-02-18,2021-02-18 06:00:00,-3.14676976203918,-3.07173037528992,-3,-2.84236121177673,2021-02-18 13:00:00,20.1984100341797,20.1809043884277,20.0896349334717,20.1316735458374,0.2
2021-02-19,2021-02-19 05:30:00,-1.39972031116486,-1.34930551052094,-1.25606479167938,-0.988194465637207,2021-02-19 12:00:00,14.6928615570068,16.0916328430176,14.3037226676941,15.9523386764526,-0.3
2021-02-20,2021-02-20 01:30:00,-6.19999980926514,-6.78750038146973,-4.50258464813232,-6.57916688919067,2021-02-20 11:30:00,14.8043737411499,14.7909288406372,14.5707178115845,14.1283592987061,0
2021-02-21,2021-02-21 03:00:00,-0.25924476981163,-0.22953799366951,-0.123700803518295,-0.0556365772336721,2021-02-21 13:00:00,13.7921476364136,14.1000003814697,13.4345445823669,14.0716083908081,-0.2
2021-02-22,2021-02-22 23:30:00,0.336039394140244,-0.439583331346512,0.404419642090797,-0.236111119389534,2021-02-22 12:00:00,20.7914333343506,22.6060409545898,19.9220502853394,21.8132786560059,-0.3
2021-02-23,2021-02-23 06:00:00,-2.05492377281189,-2.59999990463257,-1.93555354833603,-2.59999990463257,2021-02-23 11:00:00,17.6000003814697,18.3528175354004,17.6000003814697,17.2305903625488,1.6
2021-02-24,2021-02-24 04:30:00,-1.5,-3.62770700454712,-1.13904606342316,-3.10084701538086,2021-02-24 12:00:00,26.1000003814697,26.1899337768555,26.0663109588623,26.0586171722412,1
2021-02-25,2021-02-25 05:30:00,-0.300043404102325,-0.597916662693024,0.295568079948425,-0.452083349227905,2021-02-25 12:30:00,20.4240703582764,20,20.3614671707153,20,0.9
2021-02-26,2021-02-26 05:00:00,0.199942126870155,-0.600000023841858,0.248741322755814,-0.475694447755814,2021-02-26 12:00:00,23.8091316223145,23,23.5790747070312,23,1.2
2021-02-27,2021-02-27 23:30:00,-1.75578701496124,-2.16249990463257,-1.50424385070801,-1.95416653156281,2021-02-27 10:00:00,13.3287754058838,13.6812210083008,13.1776800918579,13.4961624526978,-0.2
2021-02-28,2021-02-28 03:30:00,-2.07530379295349,-2.52708339691162,-1.57776291370392,-1.90208327770233,2021-02-28 12:00:00,18.1842956542969,17.9110679626465,17.673496055603,17.65625,0.7
2021-03-01,2021-03-01 23:30:00,-2.0998842716217,-2.95690107345581,-1.58819437026978,-2.59138593673706,2021-03-01 12:00:00,21.3624134063721,20.0729179382324,21.166028213501,19.9803633880615,0.8
2021-03-02,2021-03-02 05:00:00,-2.49157977104187,-3.22446465492249,-2.24478049278259,-2.6566116809845,2021-03-02 12:00:00,22.2579135894775,22.5881938934326,21.7234502029419,21.4349467468262,1
2021-03-03,2021-03-03 05:00:00,-1.8001446723938,-4,-1.48645973205566,-3.22499990463257,2021-03-03 11:30:00,23.2615795135498,22.7270259857178,21.6345191955566,22.1800360488892,1.1
2021-03-04,2021-03-04 05:00:00,-0.566806554794312,-1.09583330154419,-0.250540134310722,-0.883641494512558,2021-03-04 11:00:00,21.4557571411133,22.1448345184326,21.1278018188477,21.4569435119629,-0.1
2021-03-06,2021-03-06 05:00:00,-5.94444417953491,-6.16666650772095,-5.29649901390076,-5.8340277671814,2021-03-06 11:00:00,17.2001438140869,17.3819484710693,16.810521774292,16.7941778564453,0.4
2021-03-07,2021-03-07 05:00:00,-5.51875019073486,-7.59027767181396,-5.08894681930542,-6.25763893127441,2021-03-07 12:00:00,20.0378894805908,21.7428913116455,19.3218191146851,21.0741184234619,0.4
2021-03-08,2021-03-08 04:00:00,-5.31875038146973,-6.29305553436279,-5.19278073310852,-5.88680553436279,2021-03-08 11:00:00,17.2652492523193,16.7092437744141,17.1806830596924,16.1055564880371,0.4
2021-03-09,2021-03-09 05:30:00,-7.34866428375244,-7.29583358764648,-7.23457748413086,-6.90625,2021-03-09 10:30:00,17.982027053833,18.3708324432373,17.5746984481812,17.558275718689,0.1
2021-03-10,2021-03-10 05:00:00,-5.34923315048218,-5.77733421325684,-5.29004778862,-5.4590277671814,2021-03-10 12:00:00,19.3855991363525,20.7929973602295,19.214587097168,20.0865456390381,0.2
2021-03-11,2021-03-11 03:00:00,-7.88860464096069,-7.59583330154419,-7.60178842544556,-7.50217191696167,2021-03-11 12:30:00,10.6690826416016,10.3761720657349,10.5766716003418,10.2017446517944,-0.1
2021-03-12,2021-03-12 23:30:00,-1.89988422393799,-2.19167137145996,-1.08967056274414,-1.76874995231628,2021-03-12 13:00:00,18.9871501922607,18.7523441314697,18.3319450378418,18.5895843505859,0.2
2021-03-13,2021-03-13 03:30:00,-1.6368054151535,-3.87100696563721,-1.26684753894806,-2.77698948383331,2021-03-13 10:00:00,20.9573783874512,20.9583053588867,20.696702079773,20.7936798095703,0
2021-03-14,2021-03-14 23:00:00,-0.966517567634583,-0.98407119512558,-0.749329626560211,-0.631744010448456,2021-03-14 11:30:00,14.0935754776001,13.9348955154419,13.8074619865417,13.7214338111877,-0.2
2021-03-15,2021-03-15 05:00:00,-3.3528790473938,-3.51605916023254,-2.62679154872894,-2.65694451332092,2021-03-15 10:30:00,15.891432762146,15.8174476623535,15.6928416824341,15.5151921272278,0
2021-03-16,2021-03-16 23:30:00,-1.13997399806976,-1.134765625,-1.07111310958862,-0.902083337306976,2021-03-16 11:30:00,14.5626306533813,14.8874998092651,14.3182950592041,14.3773135757446,-0.5
2021-03-17,2021-03-17 04:00:00,-3.06388878822327,-3.44095301628113,-2.09146280288696,-3.14374995231628,2021-03-17 13:00:00,14.0628757476807,14.1916666030884,13.6283124923706,13.9138889312744,-0.1
2021-03-18,2021-03-18 22:30:00,-5.45625019073486,-6.24062490463257,-5.17280902862549,-5.53958320617676,2021-03-18 11:00:00,16.1764430999756,15.8697919845581,15.891502571106,15.3928731918335,0.1
2021-03-19,2021-03-19 05:00:00,-6.33645343780518,-6.30694437026978,-6.14672483444214,-5.98194408416748,2021-03-19 12:00:00,17.9885787963867,17.9812507629395,17.375280380249,17.3716355895996,0
2021-03-20,2021-03-20 23:30:00,-8.05941867828369,-8.29513931274414,-7.88863372802734,-7.79215576171875,2021-03-20 11:00:00,13.7053384780884,12.8051652908325,13.588648223877,12.1000003814697,0.4
2021-03-21,2021-03-21 04:00:00,-8.32334995269775,-9.376633644104,-8.03831539154053,-8.89009181976318,2021-03-21 10:00:00,10.8957166671753,10.7341890335083,10.1420123100281,10.3000001907349,0
2021-03-22,2021-03-22 23:30:00,-4.16301393508911,-4.79375028610229,-3.57432472705841,-4.73819446563721,2021-03-22 11:00:00,16.8213977813721,16.4612407684326,15.8802943229675,15.9885191345215,0
2021-03-23,2021-03-23 03:00:00,-4.89606475830078,-5.03402805328369,-4.65979928970337,-4.67986106872559,2021-03-23 10:00:00,17.0862312316895,18.0468120574951,16.403558921814,17.3402786254883,-0.1
2021-03-24,2021-03-24 05:00:00,-3.1894965171814,-3.19383668899536,-1.47235048294067,-2.322770652771,2021-03-24 12:00:00,17.782865524292,17.5601119995117,17.3188365936279,17.2811271286011,0.2
2021-03-25,2021-03-25 23:30:00,-2.5002748966217,-4.38680553436279,-1.76261575222015,-3.91875004768372,2021-03-25 12:00:00,27.6416759490967,30.5847225189209,26.9597635269165,30.0420134735107,0.3
2021-03-26,2021-03-26 04:30:00,-6.50005769729614,-7.19999980926514,-5.88332467079163,-6.89534278869629,2021-03-26 12:00:00,30.4537754058838,32.5850601196289,29.5387926101685,32.2230532836914,0.4
2021-03-27,2021-03-27 03:30:00,-1.65904223918915,-2.78515625,-0.177775630354881,-1.83745365619659,2021-03-27 11:30:00,29.3455581665039,31.8812789916992,28.6868913650513,30.7236557388306,-0.3
2021-03-28,2021-03-28 04:30:00,-1.72395837306976,-2.69027781486511,-1.23229167461395,-2.46458339691162,2021-03-28 10:00:00,24.5892925262451,24.8944435119629,23.8499967575073,24.3181022644043,0.2
2021-03-29,2021-03-29 04:00:00,0.999845683574677,0.341666668653488,1.52430554628372,0.967343230247498,2021-03-29 11:00:00,29.280725479126,31.1435413360596,28.7156246185303,29.9210903167725,-0.1
2021-03-30,2021-03-30 01:00:00,4.95218467712402,4.70416688919067,5.07745923995972,4.99444437026978,2021-03-30 12:00:00,35.4315147399902,36.3818130493164,34.7041381835937,35.9075638580322,0
2021-03-31,2021-03-31 04:30:00,2.50010132789612,2.50415229797363,3.28939049243927,2.7353588104248,2021-03-31 12:00:00,36.9038963317871,38.9792633056641,34.9849540710449,38.4026420593262,0.6
2021-04-01,2021-04-01 04:30:00,2.56423616409302,2.24710154533386,3.43321766853333,3.19866506576538,2021-04-01 12:00:00,35.2140197753906,35.693058013916,34.8585945129395,35.0254111480713,0.3
2021-04-02,2021-04-02 23:30:00,3.21264457702637,3.22500014305115,3.44693925380707,3.73738959312439,2021-04-02 10:30:00,24.7835807800293,24.627513885498,24.0699234008789,24.1558477783203,0
2021-04-03,2021-04-03 23:30:00,-0.134673997759819,-0.115277774631977,0.0964062419533729,0.25555557012558,2021-04-03 10:00:00,19.462272644043,20.8541660308838,19.309808921814,20.2430553436279,-0.2
2021-04-04,2021-04-04 23:00:00,-3.57970190048218,-3.99861121177673,-2.30623030662537,-3.75177160739899,2021-04-04 08:30:00,17.53786277771,17.9861106872559,17.2951055526733,17.4988570022583,0.3
2021-04-05,2021-04-05 04:00:00,-4.45920133590698,-5.97708320617676,-3.81422083377838,-5.20819437980652,2021-04-05 11:00:00,24.861328125,25.7843647003174,24.296399230957,25.3302495956421,0
2021-04-06,2021-04-06 23:30:00,-3.43085932731628,-3.38207459449768,-3.39977853298187,-3.18124985694885,2021-04-06 11:30:00,18.2534103393555,17.9781436920166,17.6181377410889,17.1196613311768,0
2021-04-07,2021-04-07 00:30:00,-4.47664928436279,-4.67291641235352,-4.26744794845581,-4.26527786254883,2021-04-07 11:30:00,16.79443359375,16.6157989501953,16.5874322891235,16.0790622711182,0.2
2021-04-08,2021-04-08 23:30:00,-3.35689616203308,-3.32500004768372,-3.23966296672821,-2.99166655540466,2021-04-08 11:30:00,16.4694595336914,18.3454093933105,16.1485460281372,17.7918670654297,0.2
2021-04-09,2021-04-09 01:30:00,-5.11151599884033,-6.08494091033936,-4.27231607437134,-5.72042876243591,2021-04-09 13:00:00,25.1204433441162,26.3585739135742,24.2956205368042,25.7748375701904,-0.1
2021-04-10,2021-04-10 04:00:00,0.910416662693024,-0.360923051834106,1.66457432508469,-0.00109751653450073,2021-04-10 12:00:00,29.4661064147949,30.8895835876465,28.1480541229248,30.621443939209,0
2021-04-11,2021-04-11 03:00:00,3.01222038269043,1.2284722328186,3.15924961566925,1.51565390110016,2021-04-11 14:00:00,23.8637580871582,24.0895843505859,23.7139503479004,23.7767303848267,-0.1
2021-04-12,2021-04-12 22:00:00,1.48085939884186,1.5,1.52050063610077,1.69374990463257,2021-04-12 10:00:00,32.5631942749023,34.7869300842285,31.9062322616577,34.0204216003418,-0.2
2021-04-13,2021-04-13 23:30:00,1.72014379501343,1.71788191795349,1.75199074745178,1.99930548667908,2021-04-13 10:30:00,9.69357490539551,9.51803874969482,9.56321571350098,9.2277774810791,-0.3
2021-04-14,2021-04-14 23:30:00,0.920703113079071,0.921006977558136,0.957047622203827,1.18994468688965,2021-04-14 11:30:00,15.7952299118042,16.0782852172852,15.4572067260742,15.6349325561523,-0.2
2021-04-15,2021-04-15 03:00:00,-6.0267071723938,-7.0234227180481,-5.67731475830078,-6.51057928085327,2021-04-15 12:00:00,17.5082759857178,17.0902786254883,17.1739472961426,16.7680549621582,-0.2
2021-04-16,2021-04-16 01:00:00,-0.50406539440155,-0.4935162961483,-0.447980314493179,-0.300000011920929,2021-04-16 13:00:00,17.1917114257812,16.5954437255859,16.9512161254883,16.4302394485474,-0.2
2021-04-17,2021-04-17 02:00:00,1.8791811466217,1.88679111003876,1.90948116779327,2.06371232032776,2021-04-17 10:30:00,21.5889568328857,22.0472221374512,21.412170791626,21.1078437805176,-0.2
2021-04-18,2021-04-18 02:00:00,2.2841579914093,2.31957459449768,2.3747278881073,2.54312601089478,2021-04-18 11:30:00,18.2958374023438,18.0902786254883,18.1611139678955,17.5224803924561,-0.2
2021-04-19,2021-04-19 04:00:00,3.63695025444031,3.63246512413025,3.70876905918121,3.90770380973816,2021-04-19 11:30:00,24.190601348877,25.6861114501953,23.8974540710449,24.9678690338135,-0.2
2021-04-20,2021-04-20 23:30:00,3.84237551689148,3.88888883590698,3.97241526126862,4.33333349227905,2021-04-20 11:00:00,26.1116180419922,28.1903343200684,25.4470021057129,27.1928569793701,0
2021-04-21,2021-04-21 03:30:00,1.49998557567596,0.0795138478279114,2.06606185436249,1.42233114480972,2021-04-21 11:00:00,31.5068683624268,30.7587242126465,31.1039354324341,30.5019219589233,0.5
2021-04-22,2021-04-22 23:00:00,0.377083331346512,0.373307287693024,0.914489789009094,0.651496549844742,2021-04-22 09:30:00,23.8828659057617,26.1396541595459,22.9020246505737,24.7838582992554,0.3
2021-04-23,2021-04-23 02:30:00,-1.39992761611938,-1.39703416824341,-1.09035006761551,-1.23995738267899,2021-04-23 12:30:00,23.6928195953369,25.011848449707,23.4775671005249,24.7164710235596,0.5
2021-04-24,2021-04-24 03:30:00,-0.900043368339539,-2.09375,-0.510749417543411,-1.47852014780045,2021-04-24 10:00:00,30.5760860443115,32.3643646240234,30.0696044921875,31.3511723327637,0.4
2021-04-25,2021-04-25 23:30:00,-0.675231516361237,-1.37222218513489,-0.558719134330749,-0.856249988079071,2021-04-25 10:00:00,26.3842945098877,27.9210796356201,26.1559885025024,26.7397897720337,0.1
2021-04-26,2021-04-26 03:00:00,-0.931987881660461,-0.930232465267181,-0.908785670995712,-0.682020668983459,2021-04-26 10:30:00,28.065336227417,29.8157978057861,27.734854888916,29.0034641647339,0.7
2021-04-27,2021-04-27 03:30:00,-1.89999997615814,-2.52270436286926,-1.57902491092682,-2.23073686599731,2021-04-27 11:00:00,28.2750129699707,27.7687587738037,27.686668548584,27.1464086914063,0.1
2021-04-28,2021-04-28 04:00:00,2.66912627220154,0.822902202606201,2.98872015476227,1.69619977474213,2021-04-28 11:00:00,26.3785495758057,27.743143081665,25.8134313964844,27.2042058563232,-0.1
2021-04-29,2021-04-29 03:30:00,6.22327375411987,6.224609375,6.5603155708313,6.83125019073486,2021-04-29 12:00:00,34.8893966674805,38.1172714233398,33.6913497924805,37.2869267272949,-0.3
2021-04-30,2021-04-30 00:00:00,8.67965793609619,8.38749980926514,9.17369775772095,8.75833320617676,2021-04-30 11:30:00,34.6295318603516,35.9909362792969,34.234098815918,34.7324243927002,0
2021-05-01,2021-05-01 02:30:00,6.32313394546509,6.6243052482605,6.60421018600464,6.96249961853027,2021-05-01 11:30:00,36.8877601623535,36.8998146057129,36.2929794311523,36.1748258972168,-0.1
2021-05-02,2021-05-02 23:00:00,7.4789252281189,7.47638893127441,7.62948966026306,7.69999980926514,2021-05-02 10:00:00,20.7889175415039,19.5100078582764,20.5473964691162,18.7038555526733,0.2
2021-05-03,2021-05-03 23:00:00,2.2109808921814,2.21274590492249,2.53580005168915,2.59479365825653,2021-05-03 11:00:00,21.883581161499,22.5455055236816,21.466212272644,22.0428028106689,0.3
2021-05-04,2021-05-04 01:30:00,2.04425621032715,1.55117177963257,2.74728977680206,1.95680377483368,2021-05-04 11:00:00,28.8059463500977,30.4622631072998,28.605996131897,29.8659064102173,0.1
2021-05-05,2021-05-05 23:30:00,3.46224451065063,3.4472222328186,3.62812498092651,3.93333339691162,2021-05-05 10:30:00,33.5797004699707,36.3503913879395,33.0193576812744,35.4878122711182,0
2021-05-06,2021-05-06 03:00:00,0.587934017181396,0.46597221493721,0.770486116409302,0.938194394111633,2021-05-06 11:00:00,24.662992477417,23.7158355712891,24.5630765533447,22.9043211746216,0.1
2021-05-07,2021-05-07 23:30:00,3.04689431190491,2.54489779472351,3.11001732349396,2.72769275665283,2021-05-07 09:30:00,21.7303829193115,21.5895843505859,21.7031776428223,20.5,0
2021-05-08,2021-05-08 03:30:00,0.0479166693985462,0.00625000009313226,0.249318574368954,0.163194447755814,2021-05-08 12:00:00,28.4687404632568,28.7749996185303,27.7031120300293,27.2306698989868,0.5
2021-05-09,2021-05-09 03:00:00,2.15778827667236,1.12360632419586,3.56233358383179,1.80894727945328,2021-05-09 12:00:00,31.0784721374512,30.7012577056885,30.6813018798828,29.9875054931641,0.2
2021-05-10,2021-05-10 02:00:00,6.634765625,6.22430515289307,7.22061638832092,6.56458330154419,2021-05-10 11:30:00,33.2554702758789,33.7929344177246,32.7102138519287,32.9029963684082,0.4
2021-05-11,2021-05-11 03:00:00,8.69861602783203,8.50429248809814,9.89224653244019,8.7132865524292,2021-05-11 10:30:00,34.996509552002,35.2640190124512,34.9360721588135,34.6285258483887,0.6
2021-05-12,2021-05-12 23:30:00,10.9052276611328,10.9063367843628,10.9356680297852,11.215449256897,2021-05-12 08:00:00,28.6271553039551,29.3907833099365,27.9993049621582,28.7035424423218,0.2
2021-05-13,2021-05-13 23:30:00,9.76977729797363,9.76853275299072,9.79881423950195,9.96412775039673,2021-05-13 12:30:00,21.7070026397705,20.5980949401855,21.5113813018799,19.8934543609619,-0.1
2021-05-14,2021-05-14 23:00:00,5.54824924468994,5.54933452606201,7.47403039932251,6.44689047813416,2021-05-14 12:00:00,25.0921745300293,25.0948944091797,24.812622833252,24.7888111877441,0
2021-05-15,2021-05-15 02:00:00,2.93283796310425,2.78854155540466,3.62569441795349,3.30291666030884,2021-05-15 11:30:00,33.665657043457,33.4522552490234,32.7842601776123,32.2549606323242,0.3
2021-05-16,2021-05-16 03:00:00,9.619140625,9.62006187438965,9.70190162658691,9.79795915603638,2021-05-16 13:00:00,27.6905632019043,27.6899700164795,27.5252645492554,27.3877741241455,0.2
2021-05-17,2021-05-17 23:30:00,8.87618637084961,8.40972137451172,9.09628677368164,8.54374980926514,2021-05-17 12:30:00,18.0724258422852,18.0820369720459,17.9521314620972,17.8999996185303,-0.2
2021-05-18,2021-05-18 02:30:00,5.02473497390747,4.80000019073486,5.25904088020325,5.05364995956421,2021-05-18 11:30:00,25.9871501922607,25.8599872589111,25.4406896591187,25.3317116928101,0.2
2021-05-19,2021-05-19 00:00:00,5.60013008117676,5.60533857345581,5.99599227905273,5.82847213745117,2021-05-19 10:00:00,25.6865310668945,25.5018177032471,25.6227426147461,24.8671753692627,-0.1
2021-05-20,2021-05-20 23:30:00,7.00540161132812,5.81017589569092,7.1967348575592,5.91120155334473,2021-05-20 11:30:00,25.3382225036621,25.3228969573975,25.2282947540283,24.6179941177368,0.3
2021-05-21,2021-05-21 03:00:00,4.6988959312439,4.73819446563721,4.8131791973114,5.11041641235352,2021-05-21 10:30:00,26.9194011688232,26.9214839935303,26.8722123718262,26.6667810058594,0.2
2021-05-22,2021-05-22 21:30:00,5.71310758590698,5.14027786254883,5.86816167831421,5.3468367099762,2021-05-22 12:00:00,26.6109218597412,25.7530517578125,26.4967594146729,25.0485652160645,-0.1
2021-05-23,2021-05-23 23:30:00,6.11736106872559,6.12222194671631,6.24318778038025,6.45555543899536,2021-05-23 14:00:00,18.4047317504883,19.2555847167969,18.1353684234619,18.8418180847168,0
2021-05-25,2021-05-25 23:30:00,3.83871531486511,3.15224719047546,4.00395455360413,3.48263907432556,2021-05-25 12:30:00,20.8696174621582,19.7862854003906,20.5698123550415,18.6678287506104,0
2021-05-26,2021-05-26 03:00:00,2.61219620704651,1.24016690254211,2.86623713970184,2.02370573997498,2021-05-26 11:30:00,25.6758251190186,25.629861831665,25.6191493988037,24.7597217559814,0.4
2021-05-27,2021-05-27 02:30:00,8.02577209472656,8.03472232818604,8.22652780532837,8.42361068725586,2021-05-27 09:30:00,27.7782497406006,26.2054176330566,27.6565266418457,24.7489370346069,0.2
2021-05-28,2021-05-28 02:00:00,6.38080596923828,5.90902805328369,6.67309017181397,6.13958358764648,2021-05-28 11:00:00,25.9840030670166,25.582010269165,25.87034034729,24.2725283813477,0.4
2021-05-29,2021-05-29 23:00:00,5.35019254684448,4.7290506362915,5.74195070266724,5.63589447975159,2021-05-29 12:30:00,25.7976131439209,25.3583335876465,25.7110063171387,24.9245163726807,0.7
2021-05-30,2021-05-30 03:00:00,5.06714391708374,5.06883239746094,5.30478107452393,5.25208330154419,2021-05-30 11:00:00,24.3573741912842,24.3580856323242,24.3071507263184,23.0523729324341,0.3
2021-05-31,2021-05-31 02:30:00,5.51549482345581,4.64583349227905,5.94202075004578,5.01479187011719,2021-05-31 10:00:00,24.7206153869629,24.7202110290527,24.5763466644287,23.7518231964111,0.5
2021-06-01,2021-06-01 02:30:00,3.9000723361969,3.20624995231628,4.22112259864807,3.88143396377563,2021-06-01 12:30:00,30.8319454193115,30.2514362335205,30.5711254119873,29.200133972168,1
2021-06-02,2021-06-02 01:30:00,1.90585935115814,1.86111116409302,4.46740436553955,2.07500004768372,2021-06-02 11:30:00,34.796215057373,34.1806411743164,34.669658203125,33.5957113647461,0.5
2021-06-03,2021-06-03 02:30:00,7.39984083175659,5.60763883590698,8.45516614913941,6.68865326881409,2021-06-03 11:30:00,35.7829856872559,34.7006645202637,35.5951572418213,34.3131942749023,0.7
2021-06-04,2021-06-04 02:30:00,8.30002880096436,7.51041650772095,8.90074548721313,7.96625744819641,2021-06-04 10:30:00,36.0685882568359,34.6496925354004,35.4068645477295,33.8964576721191,0.8
2021-06-05,2021-06-05 02:30:00,10.9816694259644,10.3000001907349,11.8276906967163,10.3624118041992,2021-06-05 12:00:00,42.9953117370605,41.4199714660645,41.6439248657227,40.4049168395996,0.7
2021-06-06,2021-06-06 23:30:00,11.3576383590698,11.3168687820435,11.8529565811157,11.4859781646729,2021-06-06 11:00:00,36.1074905395508,34.6369895935059,35.9838375854492,33.3048658752441,0.6
2021-06-07,2021-06-07 02:30:00,10.0001153945923,10.0047454833984,10.4719425201416,10.1511102104187,2021-06-07 10:30:00,40.0029792785645,37.3367614746094,39.7214382171631,36.7876248168945,0.9
2021-06-08,2021-06-08 03:00:00,9.3001880645752,8.90347194671631,9.64102058410645,9.02654920578003,2021-06-08 09:30:00,39.1688652038574,36.0703239440918,38.223148727417,35.2999632263184,0.4
2021-06-09,2021-06-09 02:30:00,13.0118055343628,12.1062507629395,13.2122113227844,12.909722328186,2021-06-09 10:00:00,36.3447151184082,35.8908042907715,36.0448962402344,35.6145172119141,0.2
2021-06-10,2021-06-10 23:30:00,12.885329246521,12.8723669052124,13.301417350769,13.1183218193054,2021-06-10 12:30:00,38.0242309570312,36.8703880310059,37.7435803222656,35.6075834655762,0.1
2021-06-11,2021-06-11 02:30:00,11.1417102813721,11.0954427719116,11.6332507896423,11.3618059158325,2021-06-11 10:00:00,36.6065101623535,36.607551574707,36.4555168914795,36.3123435974121,0.4
2021-06-12,2021-06-12 03:00:00,13.5359086990356,13.5819444656372,13.7431518554688,13.9291667938232,2021-06-12 10:00:00,34.0662841796875,34.0755043029785,34.0201362609863,33.2118240356445,0.1
2021-06-13,2021-06-13 23:30:00,8.70127391815186,8.31944465637207,8.97743091583252,8.45833301544189,2021-06-13 12:00:00,28.9545764923096,28.965913772583,28.8194458770752,28.7430992126465,0.2
2021-06-14,2021-06-14 03:00:00,6.20008659362793,6.20355892181396,6.48909125328064,6.33296870231628,2021-06-14 12:00:00,32.656120300293,33.1332855224609,31.8664054870605,32.3027314758301,0.6
2021-06-15,2021-06-15 02:30:00,6.59999990463257,6.00416660308838,7.01511726379394,6.54551127433777,2021-06-15 11:30:00,36.0939521789551,35.9975395202637,36.0048042297363,34.3129911804199,0.8
2021-06-16,2021-06-16 03:00:00,12.7142362594604,12.7323780059814,12.8757244491577,13.0172833251953,2021-06-16 12:00:00,41.8932876586914,42.1945037841797,41.7380006408691,41.6770851898193,0.5
2021-06-17,2021-06-17 02:30:00,12.7106046676636,11.6104173660278,13.5365875244141,11.9012064170837,2021-06-17 10:30:00,39.4860877990723,38.7171020507812,39.0334930419922,38.5700239562988,0.8
2021-06-18,2021-06-18 02:00:00,15.7220916748047,13.4249992370605,16.2585071563721,14.7298206710815,2021-06-18 11:30:00,42.9843215942383,41.2880554199219,42.6755077362061,40.9027658081055,0.6
2021-06-19,2021-06-19 02:30:00,15.7052373886108,15.7083330154419,15.8825928878784,16.0263900756836,2021-06-19 13:00:00,43.8837242126465,43.3507423400879,43.5670143127441,42.5989679718018,0.4
2021-06-20,2021-06-20 02:30:00,16.9923324584961,16.5388946533203,17.1143245697021,16.9875163650513,2021-06-20 10:30:00,40.8558235168457,41.0589714050293,40.617453994751,40.5111045837402,0.3
2021-06-21,2021-06-21 00:00:00,15.5533847808838,14.9458236694336,16.4490873336792,16.1802825927734,2021-06-21 11:00:00,40.9279327392578,40.0066223144531,40.8217276000977,38.9365576934814,0.4
2021-06-22,2021-06-22 03:00:00,15.3999557495117,14.6389179229736,15.5751825332642,14.8711372375488,2021-06-22 11:30:00,41.283390045166,40.2931175231934,41.1811917114258,38.6465301513672,0.6
2021-06-23,2021-06-23 03:00:00,17.8596782684326,17.3999996185303,18.1501302719116,17.473611831665,2021-06-23 11:30:00,39.3276290893555,39.0893821716309,38.3875463867188,38.2470135498047,0.4
2021-06-24,2021-06-24 22:00:00,16.4271259307861,16.3999996185303,17.0656921386719,16.6461111450195,2021-06-24 11:30:00,41.7375411987305,42.1560897827148,41.4990230560303,41.3508522033691,0.3
2021-06-25,2021-06-25 23:30:00,14.7121963500977,14.7104845046997,15.3798215103149,15.1312503814697,2021-06-25 11:30:00,38.3417510986328,39.1272583007812,37.4606182098389,38.2897100830078,0
2021-06-26,2021-06-26 03:00:00,14.812572479248,14.8197050094604,14.8760537910461,15.039035987854,2021-06-26 12:00:00,37.8620719909668,37.8552169799805,37.6889730834961,37.3063249969482,0.4
2021-06-27,2021-06-27 02:00:00,14.8695268630981,14.8695459365845,14.899075126648,15.0853880310059,2021-06-27 11:30:00,42.4119071960449,39.8012390136719,42.0087843322754,38.9642024230957,0.4
2021-06-28,2021-06-28 00:30:00,15.6881513595581,14.2277774810791,16.1406240463257,14.863999042511,2021-06-28 10:30:00,44.1969184875488,44.279239654541,44.1220195770264,43.2887425231934,0.8
2021-06-29,2021-06-29 02:30:00,16.7519969940186,16.748176574707,17.2059930038452,16.9909725189209,2021-06-29 12:30:00,42.0344734191895,42.3607482910156,41.5507432556152,41.0624337768555,0.1
2021-06-30,2021-06-30 23:30:00,14.1694850921631,14.0760087966919,14.4891731262207,14.2986106872559,2021-06-30 12:30:00,39.4748992919922,38.636100769043,38.9598960876465,37.8505062866211,0
2021-07-01,2021-07-01 03:00:00,10.953125,10.8874998092651,11.1536457061768,10.8999996185303,2021-07-01 10:30:00,33.5836372375488,34.6492614746094,33.5175029754639,33.4572898101807,0.3
2021-07-02,2021-07-02 04:00:00,10.9322624206543,10.9275321960449,11.9752512741089,11.7661533355713,2021-07-02 11:30:00,30.3866024017334,29.7505435943604,29.6304174423218,29.1812496185303,0
2021-07-03,2021-07-03 23:00:00,11.3997821807861,10.3494358062744,12.0193287849426,10.770888710022,2021-07-03 12:00:00,36.1985549926758,37.2986106872559,35.6387378692627,35.5326390075684,0.5
2021-07-04,2021-07-04 01:00:00,9.5626974105835,8.01594352722168,10.3834711074829,8.43026878356934,2021-07-04 09:30:00,36.7853164672852,36.7874565124512,36.7255415344238,35.3283748626709,0.9
2021-07-05,2021-07-05 02:30:00,11.2764759063721,11.6004629135132,11.5758967590332,11.9967554283142,2021-07-05 10:00:00,37.6742477416992,38.4177322387695,36.9897430419922,37.4475651550293,0.5
2021-07-06,2021-07-06 02:30:00,10.9910354614258,10.4392356872559,12.5103209495544,11.2520675849915,2021-07-06 12:30:00,42.6938209533691,42.2706871032715,42.3364616394043,41.6393551635742,0.4
2021-07-07,2021-07-07 03:00:00,16.1111297607422,15.220832824707,17.9156267166138,15.680368976593,2021-07-07 13:00:00,43.3563232421875,43.4247093200684,42.2766456604004,42.6363764190674,0.6
2021-07-08,2021-07-08 03:00:00,17.3287315368652,17.064582824707,17.7049764633179,17.2652864837646,2021-07-08 11:00:00,43.6438064575195,44.3604164123535,43.4072270202637,43.3737170410156,0.4
2021-07-09,2021-07-09 23:30:00,14.3999996185303,14.1999998092651,14.9685562133789,14.3880003929138,2021-07-09 12:00:00,36.185676574707,36.3951416015625,35.7937061309814,36.1471905517578,0.5
2021-07-10,2021-07-10 03:00:00,11.6999416351318,11.3305559158325,12.5610148429871,11.5708332061768,2021-07-10 12:30:00,41.6761283874512,41.5513877868652,41.2174861907959,40.8569412231445,0.6
2021-07-11,2021-07-11 02:30:00,9.6803674697876,10.1277780532837,10.3470030784607,10.5062503814697,2021-07-11 12:00:00,30.3881225585938,32.3941955566406,30.0816265106201,32.0106316375732,0.1
2021-07-12,2021-07-12 03:00:00,13.9654226303101,13.9131460189819,14.8906976318359,14.3819446563721,2021-07-12 11:00:00,39.6038627624512,38.9430541992188,38.5517053222656,37.4923629760742,0.6
2021-07-13,2021-07-13 20:00:00,11.9107542037964,11.6189670562744,12.0823861885071,11.7569446563721,2021-07-13 11:30:00,38.8951797485352,39.0995941162109,38.0968601226807,38.7991346740723,-0.5
2021-07-14,2021-07-14 02:00:00,8.78457736968994,10.1000003814697,9.49210857391357,10.8592183113098,2021-07-14 12:30:00,39.2085494995117,38.6437492370605,38.5337017822266,37.6265221405029,0.3
2021-07-15,2021-07-15 02:30:00,11.9006357192993,11.8312501907349,12.6804685592651,12.029860496521,2021-07-15 11:30:00,39.9150466918945,40.4104156494141,39.2496795654297,38.9199769592285,0.1
2021-07-16,2021-07-16 02:30:00,13.6976566314697,13.6834449768066,14.0101558303833,13.9680735778809,2021-07-16 12:00:00,44.6632385253906,43.8331413269043,43.949161529541,42.7437477111816,0
2021-07-17,2021-07-17 23:30:00,19.1967544555664,19.1937217712402,19.311735534668,19.41753074646,2021-07-17 11:30:00,39.4186782836914,38.7694473266602,38.7039659118652,38.131438369751,0.1
2021-07-18,2021-07-18 03:00:00,16.8111095428467,17.1444435119629,17.2229156494141,17.7380288696289,2021-07-18 12:00:00,35.1779670715332,36.0999984741211,35.0512298583984,36.0727213287354,0.3
2021-07-19,2021-07-19 23:30:00,17.3736114501953,17.372917175293,17.5082082748413,17.6479167938232,2021-07-19 12:30:00,34.8749122619629,34.7231521606445,34.5292774200439,34.1982141876221,0.6
2021-07-20,2021-07-20 23:30:00,12.8965272903442,12.3999996185303,13.0486890792847,12.4451389312744,2021-07-20 11:30:00,33.1861114501953,33.2999992370605,32.9674221038818,32.8638877868652,0.7
2021-07-21,2021-07-21 03:00:00,11.0041666030884,10.2090272903442,11.3923616409302,10.4993057250977,2021-07-21 11:30:00,35.2965278625488,36.1944465637207,35.247917175293,35.2000007629395,0.8
2021-07-22,2021-07-22 02:30:00,11.3753032684326,10.6589117050171,11.627742767334,10.8284253311157,2021-07-22 12:00:00,38.5305557250977,38.3051452636719,38.3916664123535,37.3531660461426,0.9
2021-07-23,2021-07-23 03:00:00,11.1020841598511,10.7083330154419,11.7116619110107,10.9877121543884,2021-07-23 11:00:00,40.0995674133301,40.5999984741211,39.9562492370605,40.0215263366699,0.6
2021-07-24,2021-07-24 02:30:00,11.21506690979,10.8999996185303,11.9562501907349,11,2021-07-24 12:00:00,37.851390838623,39.9520835876465,37.6812507629394,38.7728317260742,0.1
2021-07-25,2021-07-25 03:30:00,17.6567325592041,17.5767517089844,17.8043539047241,17.9207261276245,2021-07-25 12:30:00,39.78125,40.7519378662109,39.5986099243164,39.7999992370605,0.3
2021-07-26,2021-07-26 03:00:00,14.617992401123,14.622748374939,15.251389503479,14.9697590065002,2021-07-26 11:30:00,43.9304389953613,44.7999992370605,42.8677074432373,44.7729148864746,0.4
2021-07-27,2021-07-27 03:00:00,17.1980323791504,16.0131950378418,17.6430568695068,16.7013893127441,2021-07-27 10:00:00,40.8937530517578,40.6286277770996,40.7826385498047,40.0999984741211,0.5
2021-07-28,2021-07-28 23:30:00,18.1416664123535,17.2541675567627,18.3336273193359,17.502583770752,2021-07-28 11:00:00,47.714786529541,49.6303672790527,47.2937507629395,49,0.2
2021-07-29,2021-07-29 02:30:00,14.1312503814697,13.5446710586548,14.8691666603088,14.8999996185303,2021-07-29 11:30:00,40.2627449035645,42.5951385498047,39.150691986084,42.4069442749023,0.5
2021-07-30,2021-07-30 02:30:00,15.047306060791,13.6711368560791,15.4190391540527,14.1017938232422,2021-07-30 11:00:00,48.2419853210449,51.7999992370605,47.5748840332031,51.7562484741211,0.3
2021-07-31,2021-07-31 03:30:00,18.4145832061768,18.3717308044434,18.6016635894775,18.6881942749023,2021-07-31 11:00:00,40.4449806213379,40.4125022888184,40.2215270996094,39.5125007629395,0.4
2021-08-01,2021-08-01 19:00:00,15.5541667938232,14.1593751907349,15.8583335876465,14.3307355880737,2021-08-01 10:00:00,37.3606338500977,36.945140838623,37.1600173187256,36.4604148864746,0.4
2021-08-02,2021-08-02 03:00:00,13.8218507766724,13.2954616546631,14.0792918205261,13.526388168335,2021-08-02 11:30:00,34.9693260192871,34.9340286254883,34.7446361541748,33.7000007629395,0.7
2021-08-03,2021-08-03 03:00:00,12.0013885498047,11.2977867126465,12.1742280006409,11.4989034080505,2021-08-03 12:00:00,38.0956573486328,37.479305267334,37.8346652984619,37.1724617004394,0.7
2021-08-04,2021-08-04 02:30:00,12.4587240219116,12.1118059158325,13.1486228942871,12.4668253135681,2021-08-04 12:00:00,41.4355659484863,39.8479194641113,39.8025409698486,38.9000015258789,0.3
2021-08-05,2021-08-05 23:30:00,13.8071880340576,13.0008773803711,14.0246953964233,13.247917175293,2021-08-05 11:30:00,23.3766231536865,23.8532123565674,23.2144994354248,23.6083335876465,0.2
2021-08-06,2021-08-06 02:30:00,11.1853399276733,11.1852436065674,12.3588191223145,11.4396362686157,2021-08-06 12:00:00,31.6615562438965,35.2999992370605,31.4484703063965,33.3469204711914,0.5
2021-08-07,2021-08-07 00:30:00,10.7362413406372,10.7035398483276,11.5145551109314,11.4657794952393,2021-08-07 10:30:00,38.0470924377441,37.5978775024414,37.841667175293,36.0999984741211,0.4
2021-08-08,2021-08-08 23:00:00,14.1097221374512,13.8055553436279,14.4822922706604,14.085347366333,2021-08-08 12:30:00,35.0999984741211,35.9056854248047,35.0999984741211,34.6681488800049,0.4
2021-08-09,2021-08-09 03:00:00,12.7095317840576,11.4488573074341,13.7219103813171,12.4052769088745,2021-08-09 11:30:00,40.2819442749023,40.0677337646484,40.1009262084961,38.4729194641113,0.4
2021-08-10,2021-08-10 03:30:00,14.5708332061768,14.1562261581421,15.3939963912964,14.8957364654541,2021-08-10 11:30:00,43.0929145812988,43.8875007629395,42.8020904541016,43.5375022888184,0.6
2021-08-11,2021-08-11 23:30:00,14.9570684432983,14.3999996185303,15.4233551025391,14.7249994277954,2021-08-11 11:30:00,40.2236099243164,41.0993041992188,40.0480316162109,41.0103858184814,0.8
2021-08-12,2021-08-12 03:30:00,14.6128492355347,13.6034727096558,14.9805555343628,13.8091603660584,2021-08-12 11:30:00,40.5805549621582,42.2999992370605,40.3020820617676,42.2999992370605,0.4
2021-08-13,2021-08-13 01:30:00,10.3999996185303,9.63350200653076,10.3999996185303,11.9703505325317,2021-08-13 12:30:00,41.6527786254883,42.6575813293457,41.3503974914551,41.7810415649414,0.4
2021-08-14,2021-08-14 03:00:00,18.7000007629395,17.4173603057861,18.7000007629395,17.7936799621582,2021-08-14 11:00:00,45.4279937744141,47.3073768615723,44.0014747619629,47.0597229003906,0.3
2021-08-15,2021-08-15 03:30:00,17.502082824707,17.358959197998,17.9548976898193,17.5497221755981,2021-08-15 12:00:00,49.4745063781738,51.1888885498047,48.5350524902344,50.7569465637207,0.1
2021-08-16,2021-08-16 23:00:00,14.8000001907349,10.1000003814697,14.8000001907349,10.1375007629395,2021-08-16 10:30:00,44.8270835876465,45.8969078063965,44.3895835876465,44.6606260681152,0.4
2021-08-17,2021-08-17 19:30:00,12.1211595535278,10.715277671814,12.6312503814697,11.0340397262573,2021-08-17 13:00:00,28.6888656616211,28.8999996185303,28.5861110687256,28.1507354354858,0.4
2021-08-18,2021-08-18 04:00:00,11.431173324585,11.4246625900269,11.5594595718384,11.6468645858765,2021-08-18 10:30:00,31.1002712249756,32.7000007629395,30.4884645462036,31.7000007629395,0.3
2021-08-19,2021-08-19 04:00:00,12.4035587310791,12.4081163406372,12.5027584648132,12.6000409126282,2021-08-19 11:00:00,32.053150177002,34.7046546936035,31.8528308868408,33.5682506561279,0.4
2021-08-20,2021-08-20 04:00:00,9.34027767181396,7.09999990463257,11.8999996185303,8,2021-08-20 12:00:00,35.9743041992188,37.6590270996094,34.850679397583,36.5854187011719,0.7
2021-08-21,2021-08-21 04:00:00,13.0506076812744,12.0760469436646,13.3849095344543,12.3490153503418,2021-08-21 11:00:00,36.2386589050293,38.1944465637207,35.5480407714844,37.6388893127441,0.6
2021-08-22,2021-08-22 03:00:00,14.1819734573364,11.5499954223633,14.6291666030884,12.1715278625488,2021-08-22 12:00:00,40.6597213745117,42.0729789733887,40.0921901702881,40.7842553710938,0.4
2021-08-23,2021-08-23 23:00:00,13.7381944656372,13.3468465805054,14.068865776062,13.5511384773254,2021-08-23 10:30:00,30.097770690918,31.7999992370605,30.0091600418091,30.411545791626,0.3
2021-08-24,2021-08-24 23:30:00,10.0556669235229,9.8533992767334,10.4999904632568,10.0959845352173,2021-08-24 11:30:00,30.9770832061768,30.6538486480713,30.747917175293,29.7030423355103,0.5
2021-08-25,2021-08-25 04:00:00,8.73402786254883,7.91111135482788,8.90841064453125,8.13333320617676,2021-08-25 11:00:00,28.2854156494141,29.2542247772217,28.1994247436523,28.091667175293,0.9
2021-08-26,2021-08-26 02:00:00,7.61686944961548,6.62753677368164,8.43412647247314,6.90168043136597,2021-08-26 11:30:00,26.0712604522705,28.2999992370605,25.7534881591797,27.807638168335,0.3
2021-08-27,2021-08-27 22:00:00,8.45872402191162,7.59999990463257,8.82798709869385,7.64374971389771,2021-08-27 11:30:00,28.5874996185303,29.2000007629395,28.5319442749023,28.0166320037842,0.4
2021-08-28,2021-08-28 03:00:00,6.84765625,6.81959867477417,7.34578123092651,7.4665594959259,2021-08-28 11:00:00,29.6804847717285,29.7060317993164,29.3589256286621,28.7207913970947,0.4
2021-08-29,2021-08-29 04:00:00,9.62777805328369,9.35383415222168,9.8429648399353,9.64683347702026,2021-08-29 11:00:00,27.3999118804932,28.2999992370605,27.3943193435669,27.0409717559814,0.3
2021-08-30,2021-08-30 01:30:00,6.72952842712402,6.72274303436279,7.13977796554565,7.00772349357605,2021-08-30 12:00:00,31.1880512237549,31.1000003814697,31.0175632476807,31.0909729003906,0.6
2021-08-31,2021-08-31 01:30:00,10.3509950637817,10.3443574905396,11.1031703948975,10.5628942298889,2021-08-31 11:30:00,23.4154205322266,25.4432144165039,23.2791652679443,24.9035010528564,0.2
2021-09-01,2021-09-01 22:00:00,8.44147872924805,8.37329292297363,9.25880771636963,8.86250019073486,2021-09-01 12:00:00,25.9586906433105,25.6000003814697,25.6162620544434,25.033593788147,0.3
2021-09-02,2021-09-02 23:00:00,9.47222232818604,8.11180591583252,9.60763931274414,8.48932256698608,2021-09-02 12:30:00,28.3541660308838,28.9327259063721,27.9631061553955,28,0.7
2021-09-03,2021-09-03 04:00:00,7.40138912200928,6.40833330154419,7.56041669845581,6.81522176742554,2021-09-03 11:30:00,35.795036315918,36.9743041992188,35.5122459411621,36.5503366851807,0.8
2021-09-04,2021-09-04 04:00:00,8.00694465637207,7.50138902664185,8.19676313400269,7.68266773223877,2021-09-04 10:30:00,34.1320457458496,38,33.2854343414307,35.132481842041,0.6
2021-09-05,2021-09-05 02:30:00,7.99594926834106,7.15999698638916,8.72916603088379,7.3187258720398,2021-09-05 11:30:00,36.0902481079102,37.3807983398438,35.8316555023193,36.4000015258789,0.7
2021-09-06,2021-09-06 23:30:00,6.29583358764648,5.72035074234009,7.25416660308838,5.90308752059937,2021-09-06 11:00:00,33.5526924133301,36.9798622131348,33.2155143737793,36.396484375,0.9
2021-09-07,2021-09-07 02:30:00,6.244140625,4.77687120437622,6.91388893127441,5.32308444023132,2021-09-07 11:00:00,30.8861103057861,33.8263893127441,30.6072477340698,32.2176934814453,0.6
2021-09-08,2021-09-08 04:30:00,9.657639503479,7.01992654800415,9.77291679382324,7.5,2021-09-08 11:30:00,33.8701400756836,34.8847122192383,33.7756958007812,34.202808380127,0.6
2021-09-09,2021-09-09 04:00:00,7.30000019073486,6.81526851654053,8.30000019073486,7.07670175552368,2021-09-09 12:00:00,34.6751708984375,34.9902763366699,34.5999984741211,34.716768951416,0.5
2021-09-10,2021-09-10 04:30:00,4.13857078552246,4.13103294372559,4.53211259841919,4.32708358764648,2021-09-10 12:00:00,34.6902770996094,37.016674041748,34.4954479217529,35.9493859863281,0.5
2021-09-11,2021-09-11 04:00:00,8.07296085357666,6.30416679382324,8.38250036239624,6.7499983215332,2021-09-11 12:00:00,36.7749443054199,38.6361083984375,36.5826377868652,38.3388900756836,0.7
2021-09-12,2021-09-12 04:30:00,8.90347194671631,8.80694484710693,9.89999961853027,8.93194484710693,2021-09-12 12:00:00,39.661808013916,41.057014465332,38.7249015808105,39.8388900756836,0.9
2021-09-13,2021-09-13 23:30:00,12.3964548110962,11.378776550293,12.9863759040833,11.940518951416,2021-09-13 10:00:00,35.9873886108398,37.8337249755859,35.6115459442139,36.5875015258789,0.8
2021-09-14,2021-09-14 00:30:00,11.4742450714111,10.534722328186,11.9592803001404,10.8541669845581,2021-09-14 13:00:00,37.4770851135254,37.5361099243164,37.1098964691162,37.310417175293,0.6
2021-09-15,2021-09-15 04:00:00,11.981409072876,11.81422996521,12.9653354644775,12.3049997138977,2021-09-15 12:30:00,37.8701400756836,39.568473815918,36.2347221374512,38.0849893951416,0.3
2021-09-16,2021-09-16 03:30:00,15.8000001907349,15.5182437896729,15.8000001907349,15.7083339691162,2021-09-16 10:00:00,35.5840263366699,37.6856918334961,35.2645835876465,36.8692251586914,0.2
2021-09-17,2021-09-17 22:30:00,7.87118053436279,7.83182382583618,8.72847175598145,8.471051902771,2021-09-17 10:30:00,27.7874984741211,28.3893089294434,27.5246419906616,27.5,0.4
2021-09-18,2021-09-18 21:00:00,6.88870048522949,6.85864210128784,7.36671863555908,7.40897397041321,2021-09-18 11:00:00,25.8971385955811,28.9187507629395,25.7744594573975,27.954010848999,0.4
2021-09-19,2021-09-19 05:00:00,2.09322905540466,1.79999995231628,2.52916672229767,2.00635624408722,2021-09-19 10:30:00,27.1000003814697,28.5281963348389,27.1000003814697,27.1898844146728,0.5
2021-09-20,2021-09-20 02:00:00,5.45963525772095,5.42283010482788,6.39180552482605,5.84667184829712,2021-09-20 11:00:00,21.9950656890869,23.435676574707,21.9606790542603,22.5070087814331,0.2
2021-09-21,2021-09-21 05:00:00,5.12092876434326,5.11603498458862,5.32217763900757,5.36747663497925,2021-09-21 10:00:00,24.4661655426025,24.9930553436279,24.0098230361938,23.7338762664795,0.3
2021-09-22,2021-09-22 21:00:00,1.41223955154419,1.36852824687958,3.17500333786011,1.56875002384186,2021-09-22 11:00:00,19.6882915496826,19.5451393127441,19.586633682251,19.0895824432373,0.1
2021-09-23,2021-09-23 00:30:00,0.935238242149353,0.942520260810852,1.84444451332092,1.85031997680664,2021-09-23 11:30:00,28.098518371582,30.3999996185303,28.0449356079102,30.1000003814697,0.3
2021-09-24,2021-09-24 23:30:00,11.2979164123535,10.3000001907349,11.8791666030884,10.4700956726074,2021-09-24 11:00:00,24.0862560272217,25.044792175293,23.9016204833984,24.3027143478394,0.3
2021-09-25,2021-09-25 04:00:00,8.78412914276123,7.80833339691162,9.38245449066162,8.03217903137207,2021-09-25 11:30:00,33.0826377868652,34.3854179382324,32.9784698486328,33.0566380310059,0.6
2021-09-26,2021-09-26 04:00:00,10.015908241272,7.72499990463257,10.3895835876465,8.64166641235352,2021-09-26 11:00:00,30.4874992370605,32.238410949707,30.3324373245239,31.0061965560913,0.5
2021-10-01,2021-10-01 02:00:00,2.09999990463257,0.902083337306976,2.69142262935638,1.02708339691162,2021-10-01 11:30:00,25.9685287475586,25.0100269317627,25.8283444976807,24.0411270141602,0.5
2021-10-02,2021-10-02 23:00:00,4.36307859420776,4.18251371383667,5.82057423591614,5.82124959945679,2021-10-02 11:30:00,24.8129768371582,24.478443145752,24.388143157959,24.2020835876465,0.2
2021-10-03,2021-10-03 04:30:00,5.34596347808838,4.97179794311523,6.60841474533081,5.60591482162476,2021-10-03 12:00:00,27.9121913909912,27.2240505218506,27.6198711395264,26.4331476593018,0
2021-10-04,2021-10-04 04:00:00,9.01195049285889,8.34375,9.8963171005249,8.74480932235718,2021-10-04 12:00:00,30.0888805389404,29.4840717315674,29.7418296051025,29.0377449417114,0.1
2021-10-05,2021-10-05 02:30:00,9.58000564575195,9.15176582336426,10.2093070983887,9.71065458297729,2021-10-05 11:30:00,29.2875137329102,29.1000003814697,28.9751119613647,28.8395824432373,0
2021-10-06,2021-10-06 23:00:00,10.4674911499023,10.4676170349121,10.5033080482483,10.7756855010986,2021-10-06 12:30:00,17.8964309692383,18.7781620025635,17.6188159942627,18.6486644744873,-0.3
2021-10-07,2021-10-07 23:30:00,9.34558773040771,9.36041736602783,9.38715791702271,9.60083087921143,2021-10-07 12:00:00,21.1965179443359,21.3972225189209,21.070206451416,21.2305794143677,-0.1
2021-10-08,2021-10-08 23:30:00,-0.205128192901611,-0.219128876924515,1.16188398838043,1.30831594467163,2021-10-08 09:30:00,23.1475849151611,23.1480178833008,22.9024950790405,22.9733221054077,0.2
2021-10-09,2021-10-09 23:00:00,1.00013017654419,1.00060760974884,1.64611256122589,1.165586810112,2021-10-09 11:30:00,22.9270057678223,21.4994792938232,22.7150005340576,21.2485482788086,0.5
2021-10-10,2021-10-10 05:00:00,0.617100715637207,0.113194443285465,0.811979162693024,0.483333319425583,2021-10-10 10:00:00,18.3868045806885,18.2000007629395,18.1091445922852,17.9535157775879,-0.1
2021-10-11,2021-10-11 05:00:00,3.6833381652832,3.65275835990906,4.74452562332153,4.55536657333374,2021-10-11 12:30:00,21.3998641967773,21.3895397186279,21.350421295166,20.9590282440186,-0.2
2021-10-13,2021-10-13 23:00:00,-0.451953113079071,-0.647472977638245,0.480869024991989,0.616378484964371,2021-10-13 10:30:00,15.5731620788574,15.3722076416016,15.3617972373962,15.0861785888672,0
2021-10-14,2021-10-14 05:00:00,-0.109722226858139,-0.110315389931202,0.296870373487472,0.0256286682188511,2021-10-14 11:30:00,21.5257339477539,19.8302707672119,21.0714963912964,19.7792794799805,-0.1
2021-10-15,2021-10-15 06:00:00,0.814178228378296,0.911979138851166,0.921129900217056,1.18748261928558,2021-10-15 11:30:00,22.2965278625488,21.8034133911133,21.3831604003906,21.2971757125854,-0.3
2021-10-16,2021-10-16 23:30:00,0.660286426544189,-0.200000002980232,0.795081055164337,0.271190118789673,2021-10-16 11:30:00,22.7511291503906,22.6916675567627,22.5569438934326,22.1281053924561,0.6
2021-10-17,2021-10-17 05:00:00,-0.49691841006279,-1.3826630115509,-0.11330583691597,-0.885416626930237,2021-10-17 11:30:00,23.1653347015381,22.9586944580078,22.9263795852661,22.568498878479,0.6
2021-10-18,2021-10-18 21:00:00,-0.800911486148834,-1.69097232818604,0.0863069400191308,-1.3050154709816,2021-10-18 11:30:00,18.8482341766357,19.1958332061768,18.5496419525146,18.6662390136719,0.1
2021-10-19,2021-10-19 23:30:00,1.79417431354523,1.28971838951111,1.89878392457962,1.72491494178772,2021-10-19 11:00:00,22.0678386688232,21.7639064788818,21.7735639953613,21.3410671615601,0
2021-10-20,2021-10-20 03:00:00,1.05950522422791,0.629595875740051,1.14868488311768,0.917940077781677,2021-10-20 12:00:00,24.2956295013428,24.0741558074951,24.1353125,23.7951393127441,-0.2
2021-10-21,2021-10-21 22:00:00,2.84333038330078,2.56715369224548,4.12486500740051,2.83570307731628,2021-10-21 10:30:00,23.5452117919922,23.959659576416,23.3737363433838,23.7368049621582,-0.1
2021-10-22,2021-10-22 03:00:00,1.80354464054108,0.236742854118347,3.00224359035492,1.33792049646378,2021-10-22 09:00:00,19.6916618347168,20.1725845336914,19.5228748321533,19.9368223571777,0
2021-10-23,2021-10-23 23:30:00,-1.40014469623566,-2.5,-1.22799626588821,-2.25416684150696,2021-10-23 12:00:00,18.4146137237549,18.2847232818604,18.2105679702759,17.7161392211914,0.1
2021-10-24,2021-10-24 04:30:00,-3.99981188774109,-3.99228882789612,-3.21173074245453,-3.67360318183899,2021-10-24 11:30:00,20.5029525756836,20.6735038757324,20.0428031921387,20.4244577026367,0.6
2021-10-25,2021-10-25 04:30:00,-1.69071185588837,-1.89170527458191,-1.52876304388046,-1.70000004768372,2021-10-25 11:30:00,19.395881652832,19.4812507629395,19.2961167144775,19.2027778625488,0
2021-10-26,2021-10-26 04:30:00,-2.38179993629456,-2.78756737709045,-1.89039220809937,-2.51736092567444,2021-10-26 12:00:00,19.495002746582,20.6518726348877,19.3352815628052,20.2857063293457,0.1
2021-10-27,2021-10-27 05:00:00,-2.36245679855347,-3.25555539131165,-1.91088975667953,-2.79027771949768,2021-10-27 11:30:00,22.3111972808838,23.1756954193115,21.803145904541,22.5345859527588,0.2
2021-10-28,2021-10-28 05:30:00,0.405695408582687,-0.200000002980232,1.23701682090759,0.0629436752200127,2021-10-28 11:30:00,19.893892288208,19.9937496185303,19.713911819458,19.8687496185303,0.5
2021-10-29,2021-10-29 05:00:00,-0.487225115299225,-0.690277755260468,0.369618052244186,-0.620833337306976,2021-10-29 11:30:00,19.9874134063721,19.6425342559814,19.8209917068481,19.34375,0.4
2021-10-30,2021-10-30 03:30:00,1.76724541187286,0.408333331346512,1.95653209686279,0.915277779102325,2021-10-30 11:30:00,18.4967613220215,18.9935626983643,18.4078772735596,18.6527786254883,0.3
2021-10-31,2021-10-31 01:30:00,2.53847432136536,2.12677955627441,3.22360599040985,2.59548844337463,2021-10-31 11:30:00,19.4905471801758,19.9998321533203,19.3891091537476,19.9794418334961,0.1
2021-11-01,2021-11-01 05:30:00,2.09999990463257,2.00759553909302,2.59999990463257,2.09257229804993,2021-11-01 11:00:00,19.4467964172363,19.4582996368408,19.3999996185303,19.1526718139648,0
2021-11-02,2021-11-02 23:30:00,0.529861092567444,-0.431539356708527,1.6611111164093,0.173142357468605,2021-11-02 12:00:00,12.3042392730713,12.7971792221069,12.1416664123535,12.7051425933838,0.2
2021-11-03,2021-11-03 05:00:00,-0.0364032350480556,-0.598611116409302,0.513272553682327,-0.431944459676743,2021-11-03 12:00:00,17.1000003814697,18.1457042694092,16.6000003814697,17.8435087585449,0
2021-11-04,2021-11-04 22:30:00,1.88958323001862,-0.379605501890182,3.31766903400421,0.779427057504654,2021-11-04 09:00:00,16.4463558197021,18.68044090271,16.2000007629395,18.0277938079834,0.1
2021-11-05,2021-11-05 23:30:00,0.699999988079071,-0.559003710746765,0.699999988079071,-0.277531835436821,2021-11-05 11:30:00,16.7641830444336,16.7671585083008,16.65625,16.4347281646729,0.9
2021-11-06,2021-11-06 05:00:00,-0.792776823043823,-1.6410927772522,-0.0500000007450581,-1.199229388237,2021-11-06 11:30:00,17.6926097869873,18.5,17.6044429779053,18.2008967590332,0.8
2021-11-07,2021-11-07 06:00:00,0.811805546283722,0.104181133210659,1.07751309871674,0.488692134022713,2021-11-07 11:30:00,17.3943672180176,17.7730083465576,17.3388938903809,17.1236114501953,0.3
2021-11-08,2021-11-08 22:30:00,-3.92430567741394,-5,-3.70000004768372,-4.59999990463257,2021-11-08 12:30:00,14.8704929351807,15.5587291717529,14.6214197158813,15.1436239814758,0.4
2021-11-09,2021-11-09 05:30:00,-1.50225698947906,-1.18958342075348,-0.807582402229309,-0.699999988079071,2021-11-09 11:30:00,18.7535381317139,18.4965286254883,18.3513153076172,18.4298300933838,0.5
2021-11-10,2021-11-10 01:30:00,0.681944489479065,-0.286868274211884,0.779166698455811,0.20847801566124,2021-11-10 11:30:00,14.2584199905396,13.7548751831055,13.9338983154297,13.415654258728,0.2
2021-11-11,2021-11-11 01:00:00,-3.08263874053955,-5.80000019073486,-2.90000009536743,-5.62986135482788,2021-11-11 12:30:00,12.3000001907349,13,12.3000001907349,12.8890041542053,0.1
2021-11-12,2021-11-12 23:00:00,-1.09652781486511,-2.15989589691162,-1.05833339691162,-1.71597218513489,2021-11-12 11:30:00,12.7701396942139,14.309027671814,11.9798612594604,14.1381441688538,0.1
2021-11-13,2021-11-13 00:30:00,-1.27430558204651,-1.98958337306976,-0.800000011920929,-1.80902779102325,2021-11-13 11:00:00,11.1000003814697,11.6940832138062,11.1000003814697,11.5340280532837,0
2021-11-14,2021-11-14 05:00:00,-1.51507747173309,-1.5252411365509,-1.16836582183838,-1.3787752199173,2021-11-14 11:30:00,12.0965280532837,12.1000003814697,11.6972227096558,12.0618057250977,0.2
2021-11-15,2021-11-15 06:00:00,-0.0687500014901161,-0.397636950016022,0.133815385699272,-0.124305553734303,2021-11-15 11:00:00,16,16.7571277618408,16,15.7902784347534,0.3
2021-11-16,2021-11-16 06:00:00,1.70350611209869,0.600000023841858,1.814806163311,0.766147093772888,2021-11-16 12:00:00,14,14.0821380615234,14,13.8958413124084,0.2
2021-11-17,2021-11-17 03:00:00,0.127083301544189,0.101519107818604,0.749010407924652,0.562833985090256,2021-11-17 12:00:00,10.6772031784058,11.3325519561768,10.6177014160156,11.1361112594604,-0.1
2021-11-18,2021-11-18 17:30:00,-1.59101724624634,-1.21377801895142,-0.899999976158142,-0.899999976158142,2021-11-18 11:00:00,13.2770833969116,13.5895833969116,13.1312503814697,13.3937501907349,0.3
2021-11-19,2021-11-19 01:00:00,3.92083334922791,3.52270913124084,4.08940978050232,3.95516620635986,2021-11-19 12:00:00,13.608585357666,14.0145826339722,13.2609210014343,13.8618049621582,0.2
2021-11-20,2021-11-20 23:30:00,1.7042829990387,-0.993055582046509,2.16249990463257,-0.577845771312714,2021-11-20 12:00:00,16.1965293884277,16.6931076049805,16.1270847320557,16.3999996185303,0.5
2021-11-21,2021-11-21 01:00:00,0.169271767139435,-1.7909722328186,0.792606401443481,-1.26101592302322,2021-11-21 11:00:00,12.3361110687256,12.9227962493896,11.1708329200745,12.7883877563477,0.2
2021-11-22,2021-11-22 23:30:00,0.708333313465118,0.695165812969208,1.07267420530319,0.699999988079071,2021-11-22 11:00:00,9.79652786254883,10,9.77916717529297,9.94109657287598,0.3
2021-11-23,2021-11-23 18:00:00,-5.38680553436279,-5.76402902603149,-4.9909725189209,-4.79791688919067,2021-11-23 11:30:00,11.1687498092651,11.1573352813721,11.0437498092651,10.8434616661072,0.7
2021-11-24,2021-11-24 04:30:00,-3.63729739189148,-5.40000009536743,-3.25238273143768,-5.40000009536743,2021-11-24 11:00:00,12.8576393127441,13.1486110687256,12.149455165863,12.8888893127441,0.4
2021-11-25,2021-11-25 02:00:00,-3.29606485366821,-3.93037223815918,-2.94266984462738,-3.65847792625427,2021-11-25 13:00:00,7.69999980926514,8.66445350646973,7.54392881393433,8.40005826950073,0
2021-11-26,2021-11-26 18:30:00,-1.52222228050232,-1.52245438098907,-1.23707705020905,-1.34666588306427,2021-11-26 11:30:00,6.55902767181396,6.79368257522583,6.51041650772095,6.69574054718018,0.2
2021-11-27,2021-11-27 05:30:00,-5.27650451660156,-5.27569437026978,-4.66670042991638,-5.12823871612549,2021-11-27 11:00:00,4.90000009536743,4.84972524642944,4.90000009536743,4.77204430580139,0.1
2021-11-28,2021-11-28 23:00:00,-1.59994697570801,-1.60000002384186,-1.46715755462646,-1.40177464485168,2021-11-28 12:00:00,6.81805562973022,7.32375574111938,6.72083330154419,7.17295716285706,0.2
2021-11-29,2021-11-29 06:00:00,-1.958984375,-1.95755207538605,-1.84651955604553,-1.81212768554688,2021-11-29 12:00:00,5.37518692016602,5.5312933921814,5.32362859725952,5.39083626747131,0.1
2021-11-30,2021-11-30 05:30:00,-4.80634069442749,-4.81276035308838,-4.72434490203857,-4.34657274246216,2021-11-30 11:00:00,7.80000019073486,7.79583358764648,7.80000019073486,7.58750009536743,0.1
2021-12-01,2021-12-01 18:00:00,-0.0450665540993214,-0.28958335518837,0.0560980901122093,-0.0604166723787785,2021-12-01 09:30:00,11.391432762146,11.3174476623535,11.0445092201233,11.1145830154419,-0.3
2021-12-02,2021-12-02 23:30:00,1.71549487113953,1.7161169052124,1.75377606868744,2.00763893127441,2021-12-02 12:00:00,10.4079666137695,10.880989074707,10.362495803833,10.7197957611084,-0.2
2021-12-03,2021-12-03 22:00:00,-6.22361087799072,-6.18888854980469,-6.02836375236511,-5.77252140045166,2021-12-03 12:00:00,8.5168285369873,7.95357370376587,8.40238128662109,7.75165143013001,-0.1
2021-12-04,2021-12-04 04:00:00,-9.59257030487061,-9.15471172332764,-9.50069522857666,-8.29991729736328,2021-12-04 11:00:00,7.06497383117676,7.15225696563721,6.74756946563721,6.76473258972168,-0.4
2021-12-05,2021-12-05 04:30:00,-4.79330015182495,-4.79739570617676,-4.76233324050903,-4.45763874053955,2021-12-05 12:00:00,6.53611087799072,6.97830820083618,6.45494785308838,6.70251761436462,-0.3
2021-12-06,2021-12-06 23:30:00,-4.89295434951782,-5.39375019073486,-4.73990163803101,-5.33819437026978,2021-12-06 12:00:00,5.26236009597778,5.49791669845581,5.07315809249878,5.35344217300415,-0.3
2021-12-07,2021-12-07 23:00:00,-7.49080801010132,-7.3702449798584,-7.10339484214783,-7.15625,2021-12-07 12:00:00,6.28572463989258,6.1366720199585,5.96990291595459,5.64906205177307,0
2021-12-08,2021-12-08 06:30:00,-7.30000019073486,-7.30000019073486,-7.08222060203552,-7.30000019073486,2021-12-08 10:30:00,7.39857244491577,8.08958339691162,7.13291220664978,7.69819642066956,-0.3
2021-12-09,2021-12-09 23:30:00,-3.15894103050232,-3.15625,-2.98786213874817,-2.74652767181396,2021-12-09 12:00:00,3.19583344459534,3.15902781486511,3.07083344459534,2.97917160987854,-0.1
2021-12-10,2021-12-10 06:30:00,-5.32805252075195,-7.78072929382324,-5.07886772155762,-7.05486106872559,2021-12-10 12:30:00,2.3829185962677,2.58081579208374,2.29999995231628,2.5,0.1
2021-12-11,2021-12-11 17:30:00,-5.80612468719482,-5.80499124526978,-5.57842029571533,-5.511605052948,2021-12-11 11:00:00,5.09920406341553,5.19791650772095,5.05724835395813,5.12152767181396,0
2021-12-12,2021-12-12 07:00:00,-4.61550951004028,-4.66874980926514,-4.36072554588318,-4.26180553436279,2021-12-12 12:30:00,4.92302322387695,4.19999980926514,4.52617311477661,3.82500004768372,0.1
2021-12-13,2021-12-13 00:00:00,-2.49950814247131,-2.60338544845581,-2.20859378814697,-2.46458339691162,2021-12-13 11:00:00,8.4779806137085,8.22293853759766,8.34826984405517,8.04236125946045,0
2021-12-14,2021-12-14 05:30:00,-1.39999997615814,Inf,-1.39999997615814,NA,2021-12-14 11:00:00,8.03985786437988,8.10802936553955,7.47566523551941,7.99367918968201,-0.8
2021-12-15,2021-12-15 19:30:00,-7.09513902664185,-7.32293605804443,-6.84444456100464,-6.91525972366333,2021-12-15 10:30:00,7.50597047805786,7.79762744903564,6.98433151245117,7.73763513565063,-0.3
2021-12-16,2021-12-16 04:00:00,-6.10807323455811,-5.98763036727905,-5.76077699661255,-5.03740933418274,2021-12-16 11:30:00,8.38888931274414,8.89999961853027,8.09881353378296,8.76805591583252,-0.4
2021-12-17,2021-12-17 22:00:00,1.15976560115814,1.15291476249695,1.23888885974884,1.44063784122467,2021-12-17 12:00:00,9.49428939819336,9.68215656280518,9.2246368598938,9.48435974121094,-0.3
2021-12-18,2021-12-18 05:30:00,-2.05686402320862,-2.0888888835907,-1.5673611164093,-2,2021-12-18 11:00:00,7.92917156219482,8.81258678436279,7.60486980438232,8.67634826660156,-0.3
2021-12-19,2021-12-19 04:00:00,0.945080995559692,1.01087367534637,1.04166662693024,1.66458332538605,2021-12-19 11:00:00,7.59512424468994,7.69470024108887,7.4463049697876,7.48192974090576,-0.5
2021-12-20,2021-12-20 23:30:00,-4.60234355926514,-5.19999980926514,-4.35225720405579,-5.19999980926514,2021-12-20 10:30:00,6.28857851028442,6.30000019073486,6.046256980896,6.02440114021301,-0.4
2021-12-21,2021-12-21 15:00:00,-10.5974245071411,-10.6000003814697,-10.5,-10.5,2021-12-21 11:00:00,6.88274049758911,6.95225715637207,6.81119249343872,6.59999990463257,0.1
2021-12-22,2021-12-22 22:30:00,-8.2853889465332,-9.9069881439209,-7.96631736755371,-9.49717350006103,2021-12-22 11:00:00,5.92398738861084,6.28056049346924,5.6504424571991,5.83979162216187,0
2021-12-23,2021-12-23 00:30:00,-10.3034353256226,-10.2963790893555,-9.61818988800049,-9.73769691467285,2021-12-23 12:00:00,2.87402105331421,2.79999995231628,2.8040113735199,2.76527762413025,-0.2
2021-12-24,2021-12-24 00:00:00,-3.01920819282532,-2.94930553436279,-2.82368935585022,-2.72828126430511,2021-12-24 12:00:00,9.90500545501709,10.1000003814697,9.69473352432251,10.0653051948547,0.3
2021-12-25,2021-12-25 23:30:00,-2.89086127281189,-3.09375,-2.44231762886047,-3.03819441795349,2021-12-25 11:30:00,7.27550649642944,7.11028671264648,7.17150407791138,7.00182877540588,0.2
2021-12-26,2021-12-26 23:00:00,-7.09143352508545,-7.55094528198242,-5.18755793571472,-6.22519096374512,2021-12-26 12:00:00,3.39930558204651,3.47791767120361,3.37847232818604,3.31726754188538,-0.2
2021-12-27,2021-12-27 23:30:00,-5.40697336196899,-5.39097213745117,-5.36501750946045,-5.21736097335815,2021-12-27 12:00:00,4.8001446723938,5.79305553436279,4.54520506858826,5.51527786254883,-0.2
2021-12-28,2021-12-28 00:00:00,-4.96510410308838,-4.88749980926514,-4.75973021507263,-4.51249980926514,2021-12-28 13:00:00,4.65575790405273,5.25324535369873,4.51146292686462,5.10987071990967,-0.4
2021-12-29,2021-12-29 22:00:00,-5.66348361968994,-5.36837816238403,-5.46058576583862,-5.08251348495483,2021-12-29 11:30:00,9.89999961853027,9.89999961853027,9.89278202056885,9.89999961853027,-0.3
2021-12-30,2021-12-30 01:00:00,-1.17219805717468,-1.14791667461395,-1.04061925411224,-0.731249988079071,2021-12-30 12:00:00,12.6163682937622,13.7878437042236,12.389718914032,13.2942538452148,-0.8
2021-12-31,2021-12-31 03:00:00,-0.782161474227905,-1.87083327770233,-0.376242290735245,-1.41249990463257,2021-12-31 11:00:00,17.7249603271484,18.525899887085,17.4987659454346,17.6722370910645,0.5
2022-01-01,2022-01-01 23:30:00,2.37997698783875,1.21871149539948,2.72083330154419,1.55152299880981,2022-01-01 10:00:00,15.5780429840088,16.1456298828125,15.5,15.8416662216187,0.3
2022-01-02,2022-01-02 07:00:00,-4.28541660308838,-4.99804210662842,-2.40239095687866,-2.69283443450928,2022-01-02 12:00:00,16.1772022247314,16.1282539367676,16.1000003814697,15.8923606872559,0.1
2022-01-03,2022-01-03 00:00:00,1.41180551052094,0.806250035762787,2.32013893127441,0.985960035324097,2022-01-03 11:30:00,16.3298606872559,16.495138168335,16.1172723770142,16.15625,0.3
2022-01-04,2022-01-04 06:00:00,3.79626750946045,3.75755190849304,4.04166650772095,4.06249999046326,2022-01-04 10:30:00,10.6049146652222,10.6848907470703,10.4283824920654,10.5434044265747,0.1
2022-01-05,2022-01-05 23:30:00,0.448191553354263,0.464583367109299,0.560931732654572,0.717361152172089,2022-01-05 10:00:00,9.03194427490234,9.23977661132812,8.80000019073486,9.10140735626221,0
2022-01-06,2022-01-06 23:30:00,-5.30555582046509,-6.09999990463257,-4.95234394073486,-6.09999990463257,2022-01-06 11:00:00,8.89999961853027,8.59861183166504,8.89999961853027,8.55291366577148,0.5
2022-01-07,2022-01-07 05:30:00,-7,-7.89305543899536,-6.48611116409302,-7.4530816078186,2022-01-07 12:00:00,6.39487838745117,5.78819465637207,6.28713161468506,5.59999990463257,0.6
2022-01-08,2022-01-08 03:00:00,-8.97034645080566,-9.05295085906982,-7.40034726142883,-8.52898906707764,2022-01-08 12:00:00,5.56072044372559,5.35138893127441,5.42742729187012,5.12983494758606,0.1
2022-01-09,2022-01-09 03:30:00,-7.8972225189209,-8.79166698455811,-7.84166669845581,-8.59487897872925,2022-01-09 11:30:00,3.5,3.50515031814575,3.5,3.46509447097778,0.1
2022-01-10,2022-01-10 23:30:00,-5.07822608947754,-6.29170036315918,-4.92470083236694,-5.77978897094727,2022-01-10 11:30:00,7.90000009536743,8.5,7.90000009536743,8.25625038146973,0.3
2022-01-11,2022-01-11 23:30:00,-6.47222232818604,-7.82756090164185,-6.24632229804993,-7.36458349227905,2022-01-11 12:00:00,5.98954010009766,5.99107360839844,5.90213659286499,5.37508852005005,0.6
2022-01-12,2022-01-12 20:30:00,-9.08220481872559,-9.08211803436279,-8.43952566146851,-8.94817409515381,2022-01-12 11:30:00,5.10096454620361,4.38402795791626,4.53040118217468,3.87708353996277,0.6
2022-01-13,2022-01-13 00:00:00,-9.49905776977539,-10.8051986694336,-9.42472810745239,-10.0295222473145,2022-01-13 11:30:00,9.80000019073486,10.6943578720093,9.80000019073486,10.5443115615845,0.3
2022-01-14,2022-01-14 03:30:00,-2.8027777671814,-3.20000004768372,-2.35381944179535,-3.13611125946045,2022-01-14 12:00:00,12,12.2065582275391,11.673876285553,11.9202246665955,0.4
2022-01-15,2022-01-15 23:00:00,-4.90000009536743,-5.38958358764648,-4.90000009536743,-5.17539072036743,2022-01-15 11:30:00,11.8999996185303,11.817042350769,11.8999996185303,11.6687498092651,0.5
2022-01-16,2022-01-16 03:30:00,-6.68958330154419,-7.3878812789917,-6.62708330154419,-6.92546215057373,2022-01-16 12:30:00,11.8000001907349,12.3165416717529,11.8000001907349,12.1999998092651,0.3
2022-01-17,2022-01-17 23:30:00,-0.876808822154999,-0.879877746105194,-0.609886065721512,-0.795665788650513,2022-01-17 12:00:00,8.86828899383545,8.87291622161865,8.82406778335571,8.74306644439697,0.3
2022-01-18,2022-01-18 23:30:00,-4.47773122787476,-6.09652757644653,-3.90208315849304,-6.0409722328186,2022-01-18 11:30:00,9.30000019073486,9.25833320617676,9.30000019073486,9.03627933502197,0.5
2022-01-19,2022-01-19 05:30:00,-6,-6.7909722328186,-6,-6.41761635780334,2022-01-19 12:00:00,8.34499931335449,7.85178470611572,8.24370342254639,7.31869232177734,0.5
2022-01-20,2022-01-20 00:00:00,-2.59059357643127,-4.49583339691162,-2.07255222797394,-3.97600700855255,2022-01-20 12:00:00,10.3999996185303,10.7965278625488,10.3999996185303,10.4651196670532,0.4
2022-01-21,2022-01-21 07:00:00,-4.7722225189209,-5.24451684951782,-4.62658723831177,-5,2022-01-21 12:00:00,5.43101072311401,5.09161853790283,5.37968730926514,4.81828718185425,0.4
2022-01-22,2022-01-22 22:00:00,-6.79583311080933,-6.79726552963257,-6.64813734054565,-6.72083330154419,2022-01-22 12:30:00,7.40072345733643,7.89718389511108,7.22709197998047,7.73972816467285,0.2
2022-01-23,2022-01-23 01:00:00,-6.98022747039795,-7.34454584121704,-6.85156717300415,-7.1954843044281,2022-01-23 12:00:00,6,6.2044997215271,6,6.04088936805725,0.3
2022-01-24,2022-01-24 04:30:00,-10.09375,-10.0923852920532,-10.0525526046753,-9.98902370452881,2022-01-24 11:00:00,8.93394947052002,10.5,8.63515113830566,10.3104162216187,0.3
2022-01-25,2022-01-25 00:00:00,-7.5600118637085,-7.55577278137207,-7.20613786697388,-6.15118015289307,2022-01-25 11:00:00,9.66115093231201,10.540412902832,9.60000038146973,10.2070109176636,0.1
2022-01-26,2022-01-26 22:30:00,-3.10309624671936,-3.13077259063721,-2.41872560501099,-3.09999990463257,2022-01-26 12:30:00,8.56877422332764,8.95277786254883,8.28072099685669,8.60436782836914,0.3
2022-01-27,2022-01-27 20:30:00,-8.782639503479,-8.19877529144287,-8.43541717529297,-6.80319046020508,2022-01-27 12:30:00,12.542140007019,13.3312501907349,12.1000003814697,13.1827658843994,0.4
2022-01-28,2022-01-28 23:30:00,-0.446238398551941,-0.491681128740311,0.0163049753010273,-0.302083343267441,2022-01-28 10:00:00,9.5,10.2444448471069,9,9.89999961853027,0.1
2022-01-29,2022-01-29 06:30:00,-3.31455326080322,-3.94749712944031,-3.29999995231628,-3.59722208976746,2022-01-29 11:30:00,11.8000001907349,12.3036890029907,11.8000001907349,12.0604162216187,0.2
2022-01-30,2022-01-30 22:00:00,-0.48315492272377,-0.501065850257874,-0.270995384454727,0.200000002980232,2022-01-30 11:00:00,10.5923614501953,11.5568046569824,10.4880764007568,11.2613942718506,0.3
2022-01-31,2022-01-31 06:30:00,-3.0388069152832,-3.42143630981445,-2.87677416801453,-3.01641595363617,2022-01-31 11:30:00,10.3000001907349,10.2756948471069,10.3000001907349,10.1999998092651,0.2
2022-02-01,2022-02-01 16:00:00,-7.82699966430664,-6.62891578674316,-7.07386843681335,-5.59999990463257,2022-02-01 12:30:00,9.68920803070068,9.89609336853027,9.48522281646729,9.48564567565918,0
2022-02-02,2022-02-02 23:30:00,-0.186111107468605,-0.629231810569763,-0.130555555224419,-0.268831698894501,2022-02-02 12:30:00,12,11.8999996185303,12,11.7638883590698,0.1
2022-02-03,2022-02-03 05:00:00,-4.01195001602173,-4.04765605926514,-3.66166779518127,-3.56049724578857,2022-02-03 12:00:00,15.4335556030273,15.4666814804077,15.129919052124,14.8974813270569,0.2
2022-02-04,2022-02-04 20:30:00,-3.34750533103943,-3.39284324645996,-1.05833339691162,-2.46860071182251,2022-02-04 11:30:00,15.5258140563965,17.2177810668945,14.5546977043152,16.5881639480591,0
2022-02-05,2022-02-05 23:30:00,-5.16086959838867,-5.21879816055298,-3.63113382339478,-4.80522290229797,2022-02-05 09:30:00,11.7590274810791,11.9881172180176,11.7173614501953,11.7784719467163,0.5
2022-02-06,2022-02-06 03:00:00,-3.78472208976746,-4.31092309951782,-3.4782639503479,-4.10414924621582,2022-02-06 12:00:00,10.3000001907349,11.1993055343628,10.3000001907349,10.8982081604004,-0.1
2022-02-07,2022-02-07 23:00:00,0.463888913393021,-0.811257719993591,0.800000011920929,-0.544444441795349,2022-02-07 10:30:00,10.1347808837891,11.1854887008667,9.78750038146973,11.0553240203857,0.1
2022-02-08,2022-02-08 23:30:00,-1.62291669845581,-2.78339123725891,-1.28489590883255,-2.10277771949768,2022-02-08 11:00:00,12.7965278625488,13.4544706344604,12.7756948471069,13.2062501907349,0.1
2022-02-09,2022-02-09 01:00:00,-2.29466152191162,-2.99652767181396,-2.13827491283417,-2.90000009536743,2022-02-09 12:00:00,19.1874237060547,19.9900360107422,19.0323247909546,19.6659901428223,0.6
2022-02-10,2022-02-10 05:30:00,-3.10499119758606,-3.79444432258606,-2.16875004768372,-3.54791665077209,2022-02-10 12:00:00,17.2000007629395,18.6101551055908,17.2000007629395,18.3366664886475,0.6
2022-02-11,2022-02-11 23:30:00,-3.46230936050415,-3.49537515640259,-2.89209120750427,-3.02708315849304,2022-02-11 12:00:00,11.4951391220093,12.5877895355225,11.4642991638184,12.2987484741211,0.3
2022-02-12,2022-02-12 23:30:00,-3.79402017593384,-5.03575897216797,-3.20000004768372,-4.56746953964233,2022-02-12 11:00:00,16.818359375,18.3999996185303,16.5597269058228,18.3791656494141,0.3
2022-02-13,2022-02-13 05:30:00,-4.71458339691162,-6.19999980926514,-4.08680534362793,-6.15208339691162,2022-02-13 12:00:00,13.1951341629028,14.3084201812744,13.1086941719055,13.8768033981323,0.3
2022-02-14,2022-02-14 05:30:00,-3.69305562973022,-4.98397970199585,-3.62708330154419,-4.80000019073486,2022-02-14 12:00:00,13.4917612075806,15.0787954330444,13.4152537345886,14.7859126091003,0.3
2022-02-15,2022-02-15 04:30:00,-4.1965274810791,-4.34874105453491,-4.10624980926514,-3.78194451332092,2022-02-15 11:30:00,21.371150970459,21.2966346740723,21.1958332061768,20.9167713928223,0.4
2022-02-16,2022-02-16 05:30:00,-2.65007352828979,-2.66289520263672,-2.04436462402344,-2.21944451332092,2022-02-16 12:00:00,17.6750011444092,17.6735248565674,17.5969805145264,17.1201400756836,0.2
2022-02-17,2022-02-17 21:30:00,3.20833349227905,3.45833349227905,3.63333344459534,3.8140017414093,2022-02-17 10:30:00,19.1243057250977,21.7999992370605,18.6230142593384,21.4248440933228,0
2022-02-18,2022-02-18 05:30:00,2.32180094718933,2.31970477104187,3.03216233253479,2.68684326171875,2022-02-18 11:30:00,20.0923614501953,21.1391487121582,19.9674433898926,20.528006477356,0.1
2022-02-19,2022-02-19 23:00:00,-3.9889178276062,-5.67789840698242,-3.43819451332092,-5.11041641235352,2022-02-19 10:30:00,15.9780616760254,17.1136283874512,15.8000001907349,16.6262512588501,0.1
2022-02-20,2022-02-20 00:00:00,-3.68808841705322,-4.50529527664185,-2.73710970878601,-4.20781767845154,2022-02-20 10:30:00,16.7756938934326,17.003963470459,16.7000007629395,16.7458324432373,0.1
2022-02-21,2022-02-21 22:00:00,0.727777779102325,-1.56057584285736,1.82911896705627,-0.86041671037674,2022-02-21 11:30:00,14.1541662216187,14.3833332061768,13.9000004768372,14.0307922363281,0.1
2022-02-22,2022-02-22 22:30:00,-4.39806127548218,-5.62734365463257,-4.18888902664185,-5.49029616355896,2022-02-22 11:30:00,15.3256940841675,15.6777772903442,15.3000001907349,15.257682800293,0.2
2022-02-23,2022-02-23 23:30:00,-1.99759829044342,-2.59446835517883,-1.92083334922791,-2.35208344459534,2022-02-23 12:00:00,17.3999996185303,17.1317367553711,17.3999996185303,16.6020832061768,0.6
2022-02-24,2022-02-24 03:00:00,-2.97222232818604,-3.98059415817261,-2.14579419136047,-3.56874990463257,2022-02-24 12:00:00,18.0888080596924,18.364896774292,17.9726345062256,18.2958316802979,0.2
2022-02-25,2022-02-25 23:00:00,-2.78359866142273,-3.23363709449768,-2.54779658317566,-2.9375589132309,2022-02-25 11:00:00,16.5618057250977,16.7951374053955,16.2611316680908,16.3489736175537,0.4
2022-02-26,2022-02-26 05:00:00,-3.61377310752869,-4.97291660308838,-2.71547107696533,-4.62013864517212,2022-02-26 11:00:00,14.3999996185303,14.4090270996094,14.3999996185303,14.2511310577393,0.5
2022-02-27,2022-02-27 01:30:00,-6.27083349227905,-7.04554414749146,-5.88953433036804,-6.66979839324951,2022-02-27 11:30:00,19.6103439331055,20.2847213745117,19.0957838058472,19.8999996185303,0.4
2022-02-28,2022-02-28 23:30:00,-5.35587310791016,-6.59861087799072,-4.74438767433166,-6.4057342338562,2022-02-28 10:30:00,12.3999996185303,12.1984958648682,12.3999996185303,11.7843192481995,0.6
2022-03-10,2022-03-10 23:30:00,-6.33916854858398,-8.38967037200928,-5.48748745918274,-6.85915802001953,2022-03-10 11:00:00,20.4251499176025,21.5236110687256,19.5175930023193,20.7097225189209,0.9
2022-03-11,2022-03-11 05:00:00,-8.97945117950439,-10.0880641937256,-8.18495388031006,-9.47603408813477,2022-03-11 12:00:00,18.1090183258057,19.4583339691162,17.1185111999512,18.9338261413574,0.6
2022-03-18,2022-03-18 05:00:00,-2.69847130775452,-2.79236102104187,-2.52196467399597,-2.56319451332092,2022-03-18 11:00:00,25.6857242584229,25.595832824707,25.1994287872314,25.3456089782715,0.2
2022-03-19,2022-03-19 05:00:00,-4.59988403320312,-4.59525442123413,-3.99171011447907,-4.32130765914917,2022-03-19 11:30:00,24.7646312713623,24.9904956817627,24.2024002075195,24.4276510620117,0.6
2022-03-21,2022-03-21 03:00:00,-8.49985504150391,-8.49406814575195,-6.9401186466217,-8.09348955154419,2022-03-21 12:00:00,24.0336952209473,25.3863754272461,23.439647102356,24.9887158203125,0.6
2022-03-24,2022-03-24 04:30:00,-5.29989910125732,-5.29584789276123,-4.59136654853821,-5.08944101333618,2022-03-24 12:00:00,30.5816650390625,32.2895812988281,30.039115447998,31.4947576522827,1.3
2022-03-27,2022-03-27 20:30:00,0.299985557794571,0.200694441795349,1.7250882267952,0.277083337306976,2022-03-27 11:30:00,32.7206993103027,34.5833320617676,31.0624555587769,33.4098313903809,0.4
2022-04-22,2022-04-22 02:00:00,3.03236413002014,2.70763897895813,3.21359968185425,2.94204170227051,2022-04-22 11:00:00,15.2958383560181,15.9641923904419,15.1989323616028,15.5566197013855,-0.1
2022-04-24,2022-04-24 04:00:00,5.1267991065979,4.84088563919067,5.69694037437439,5.30138874053955,2022-04-24 12:30:00,29.0296878814697,28.9930553436279,28.4831337738037,28.6506066131592,-0.1
2022-05-12,2022-05-12 03:00:00,9.30540180206299,8.33015060424805,10.0435799598694,8.58026365280151,2022-05-12 11:00:00,38.2847442626953,38.9812507629395,37.8009887695313,38.5541050720215,0.3
2022-05-14,2022-05-14 03:00:00,9.30222320556641,8.41041660308838,9.45080995559692,8.69375038146973,2022-05-14 13:30:00,31.5,32.5895805358887,30.606110458374,31.5614780426025,0.3
2022-05-18,2022-05-18 23:30:00,4.68757247924805,3.70416665077209,5.96388897895813,4.14192270278931,2022-05-18 13:00:00,31.0324211120605,32.9410934448242,29.872049331665,32.1525579833984,0.7
2022-06-02,2022-06-02 03:00:00,3.91191148757935,2.5,4.16819310188293,3.14135671138763,2022-06-02 13:30:00,36.4660415649414,36.0625,36.0580665588379,35.3246768951416,0.3
2022-06-04,2022-06-04 03:00:00,16.215518951416,16.2172355651855,16.2565977096558,16.5022702789307,2022-06-04 13:30:00,38.9286766052246,39.6742477416992,38.2561321258545,39.4104156494141,0
2022-06-13,2022-06-13 23:00:00,10.5916233062744,10.5806665420532,11.5046755599976,11.4745166778564,2022-06-13 12:00:00,34.7394599914551,33.5749969482422,34.6566201019287,33.2620843505859,0.5
2022-06-16,2022-06-16 02:30:00,12.0841579437256,10.8064384460449,12.8064817428589,11.2340278625488,2022-06-16 11:30:00,37.8304824829102,37.2368049621582,37.5476593017578,36.4736755371094,0.5
2022-06-21,2022-06-21 22:30:00,12.1066265106201,12.1812496185303,12.277777671814,12.4937496185303,2022-06-21 11:00:00,37.8317260742188,33.989917755127,36.8678554534912,33.5444450378418,0.1
2022-06-24,2022-06-24 02:30:00,12.3509788513184,11.3406343460083,13.6039978981018,11.7258336448669,2022-06-24 10:30:00,36.6964836120605,36.1269798278809,36.5844714355469,35.5037986755371,0.6
2022-07-01,2022-07-01 23:00:00,17.3450527191162,17.3432292938232,17.4970021057129,17.6847229003906,2022-07-01 12:00:00,43.6903076171875,45.8428688049316,43.0689826965332,44.2446401977539,0.3
2022-07-06,2022-07-06 23:30:00,11.1999855041504,10.7902774810791,12.4467926979065,11.1223469543457,2022-07-06 11:30:00,38.0647430419922,35.3714752197266,37.7413581848145,34.6695818328857,0.5
2022-07-10,2022-07-10 23:30:00,11.316840171814,11.337890625,11.4645460510254,11.6000003814697,2022-07-10 13:30:00,30.0160579681396,29.4794750213623,29.5029846191406,29.064582824707,0
2022-07-14,2022-07-14 01:30:00,15.1202983856201,12.9303092956543,16.4843112564087,13.4818545913696,2022-07-14 11:00:00,44.927604675293,50.2791709899902,44.0828147888184,48.4652688598633,0.5
2022-07-20,2022-07-20 02:00:00,13.1001014709473,12.6168794631958,13.3857928276062,12.8372201919556,2022-07-20 12:00:00,45.7700080871582,47.3944778442383,44.1570156097412,46.4750538635254,0.7
